invoice_id,subscription_id,customer_id,invoice_date,amount,status,payment_method
1,1,1,2024-12-05,857.28,paid,bank_transfer
2,2,2,2025-01-11,866.16,paid,credit_card
3,3,3,2022-12-04,143.89,paid,credit_card
4,3,3,2023-01-04,143.89,paid,credit_card
5,4,4,2023-07-19,73.15,paid,bank_transfer
6,4,4,2023-08-19,73.15,paid,bank_transfer
7,4,4,2023-09-19,73.15,paid,credit_card
8,4,4,2023-10-19,73.15,paid,credit_card
9,4,4,2023-11-19,73.15,paid,credit_card
10,5,4,2023-12-19,270.64,overdue,credit_card
11,5,4,2024-01-19,270.64,paid,credit_card
12,5,4,2024-02-19,270.64,paid,credit_card
13,5,4,2024-03-19,270.64,paid,credit_card
14,5,4,2024-04-19,270.64,paid,bank_transfer
15,5,4,2024-05-19,270.64,paid,credit_card
16,5,4,2024-06-19,270.64,paid,credit_card
17,5,4,2024-07-19,270.64,paid,credit_card
18,5,4,2024-08-19,270.64,paid,credit_card
19,5,4,2024-09-19,270.64,paid,credit_card
20,5,4,2024-10-19,270.64,paid,credit_card
21,5,4,2024-11-19,270.64,paid,credit_card
22,5,4,2024-12-19,270.64,paid,paypal
23,5,4,2025-01-19,270.64,paid,credit_card
24,5,4,2025-02-19,270.64,paid,credit_card
25,5,4,2025-03-19,270.64,paid,bank_transfer
26,5,4,2025-04-19,270.64,paid,paypal
27,5,4,2025-05-19,270.64,paid,credit_card
28,5,4,2025-06-19,270.64,paid,credit_card
29,5,4,2025-07-19,270.64,paid,credit_card
30,5,4,2025-08-19,270.64,paid,bank_transfer
31,5,4,2025-09-19,270.64,paid,credit_card
32,5,4,2025-10-19,270.64,paid,bank_transfer
33,6,5,2025-02-01,27.11,paid,credit_card
34,6,5,2025-03-01,27.11,paid,credit_card
35,6,5,2025-04-01,27.11,paid,credit_card
36,6,5,2025-05-01,27.11,paid,credit_card
37,6,5,2025-06-01,27.11,paid,credit_card
38,6,5,2025-07-01,27.11,paid,credit_card
39,6,5,2025-08-01,27.11,refunded,credit_card
40,6,5,2025-09-01,27.11,paid,bank_transfer
41,6,5,2025-10-01,27.11,paid,credit_card
42,6,5,2025-11-01,27.11,paid,bank_transfer
43,7,6,2022-12-23,943.44,paid,credit_card
44,7,6,2023-12-23,943.44,paid,credit_card
45,7,6,2024-12-23,943.44,paid,paypal
46,8,7,2025-05-15,86.04,paid,paypal
47,8,7,2025-06-15,86.04,paid,bank_transfer
48,8,7,2025-07-15,86.04,paid,bank_transfer
49,8,7,2025-08-15,86.04,paid,paypal
50,8,7,2025-09-15,86.04,paid,credit_card
51,8,7,2025-10-15,86.04,paid,bank_transfer
52,8,7,2025-11-15,86.04,pending,bank_transfer
53,9,8,2022-11-01,940.08,paid,credit_card
54,10,8,2023-02-16,294.59,paid,credit_card
55,10,8,2023-03-16,294.59,refunded,credit_card
56,10,8,2023-04-16,294.59,paid,paypal
57,10,8,2023-05-16,294.59,paid,paypal
58,10,8,2023-06-16,294.59,paid,credit_card
59,10,8,2023-07-16,294.59,paid,credit_card
60,10,8,2023-08-16,294.59,paid,credit_card
61,10,8,2023-09-16,294.59,paid,bank_transfer
62,10,8,2023-10-16,294.59,paid,credit_card
63,10,8,2023-11-16,294.59,paid,credit_card
64,10,8,2023-12-16,294.59,paid,credit_card
65,10,8,2024-01-16,294.59,paid,bank_transfer
66,10,8,2024-02-16,294.59,paid,credit_card
67,10,8,2024-03-16,294.59,paid,bank_transfer
68,10,8,2024-04-16,294.59,paid,credit_card
69,10,8,2024-05-16,294.59,paid,bank_transfer
70,10,8,2024-06-16,294.59,paid,credit_card
71,10,8,2024-07-16,294.59,paid,credit_card
72,10,8,2024-08-16,294.59,paid,bank_transfer
73,10,8,2024-09-16,294.59,paid,paypal
74,10,8,2024-10-16,294.59,paid,bank_transfer
75,10,8,2024-11-16,294.59,paid,bank_transfer
76,10,8,2024-12-16,294.59,paid,paypal
77,10,8,2025-01-16,294.59,paid,credit_card
78,10,8,2025-02-16,294.59,paid,credit_card
79,10,8,2025-03-16,294.59,paid,credit_card
80,10,8,2025-04-16,294.59,paid,bank_transfer
81,10,8,2025-05-16,294.59,paid,bank_transfer
82,10,8,2025-06-16,294.59,paid,bank_transfer
83,10,8,2025-07-16,294.59,paid,credit_card
84,10,8,2025-08-16,294.59,pending,credit_card
85,10,8,2025-09-16,294.59,paid,paypal
86,10,8,2025-10-16,294.59,paid,paypal
87,11,9,2024-10-03,143.7,paid,paypal
88,11,9,2024-11-03,143.7,paid,paypal
89,11,9,2024-12-03,143.7,paid,credit_card
90,11,9,2025-01-03,143.7,paid,credit_card
91,11,9,2025-02-03,143.7,paid,bank_transfer
92,11,9,2025-03-03,143.7,paid,bank_transfer
93,11,9,2025-04-03,143.7,paid,bank_transfer
94,11,9,2025-05-03,143.7,paid,credit_card
95,11,9,2025-06-03,143.7,paid,credit_card
96,11,9,2025-07-03,143.7,paid,credit_card
97,11,9,2025-08-03,143.7,paid,credit_card
98,11,9,2025-09-03,143.7,paid,credit_card
99,11,9,2025-10-03,143.7,paid,paypal
100,11,9,2025-11-03,143.7,paid,credit_card
101,12,10,2025-10-18,155.32,paid,credit_card
102,13,11,2024-12-02,934.8,paid,credit_card
103,14,12,2025-02-05,1806.36,paid,credit_card
104,15,13,2023-04-17,3822.96,paid,bank_transfer
105,15,13,2024-04-17,3822.96,paid,bank_transfer
106,16,13,2024-06-27,143.41,paid,credit_card
107,16,13,2024-07-27,143.41,paid,bank_transfer
108,16,13,2024-08-27,143.41,paid,credit_card
109,16,13,2024-09-27,143.41,paid,bank_transfer
110,16,13,2024-10-27,143.41,paid,bank_transfer
111,16,13,2024-11-27,143.41,paid,credit_card
112,16,13,2024-12-27,143.41,paid,credit_card
113,16,13,2025-01-27,143.41,paid,bank_transfer
114,16,13,2025-02-27,143.41,paid,credit_card
115,17,14,2025-01-19,935.04,paid,credit_card
116,18,15,2025-05-13,31.65,paid,credit_card
117,18,15,2025-06-13,31.65,paid,bank_transfer
118,18,15,2025-07-13,31.65,paid,paypal
119,18,15,2025-08-13,31.65,paid,bank_transfer
120,18,15,2025-09-13,31.65,paid,credit_card
121,18,15,2025-10-13,31.65,paid,credit_card
122,18,15,2025-11-13,31.65,paid,bank_transfer
123,19,16,2023-07-07,325.38,paid,bank_transfer
124,19,16,2023-08-07,325.38,paid,credit_card
125,20,17,2023-09-23,80.23,paid,bank_transfer
126,20,17,2023-10-23,80.23,paid,paypal
127,20,17,2023-11-23,80.23,paid,credit_card
128,20,17,2023-12-23,80.23,paid,credit_card
129,20,17,2024-01-23,80.23,paid,credit_card
130,20,17,2024-02-23,80.23,paid,credit_card
131,20,17,2024-03-23,80.23,paid,paypal
132,20,17,2024-04-23,80.23,paid,credit_card
133,20,17,2024-05-23,80.23,paid,credit_card
134,20,17,2024-06-23,80.23,pending,paypal
135,20,17,2024-07-23,80.23,paid,credit_card
136,20,17,2024-08-23,80.23,paid,bank_transfer
137,20,17,2024-09-23,80.23,paid,credit_card
138,20,17,2024-10-23,80.23,paid,credit_card
139,20,17,2024-11-23,80.23,paid,credit_card
140,20,17,2024-12-23,80.23,paid,paypal
141,20,17,2025-01-23,80.23,refunded,credit_card
142,20,17,2025-02-23,80.23,paid,credit_card
143,20,17,2025-03-23,80.23,paid,bank_transfer
144,20,17,2025-04-23,80.23,paid,credit_card
145,20,17,2025-05-23,80.23,paid,paypal
146,20,17,2025-06-23,80.23,paid,credit_card
147,20,17,2025-07-23,80.23,pending,credit_card
148,20,17,2025-08-23,80.23,paid,credit_card
149,20,17,2025-09-23,80.23,paid,bank_transfer
150,20,17,2025-10-23,80.23,paid,credit_card
151,21,18,2025-08-04,31.0,paid,credit_card
152,21,18,2025-09-04,31.0,paid,credit_card
153,21,18,2025-10-04,31.0,paid,bank_transfer
154,21,18,2025-11-04,31.0,paid,credit_card
155,22,19,2022-11-28,1911.48,paid,paypal
156,22,19,2023-11-28,1911.48,paid,credit_card
157,22,19,2024-11-28,1911.48,paid,credit_card
158,23,20,2024-10-22,1618.56,paid,credit_card
159,23,20,2025-10-22,1618.56,paid,paypal
160,24,21,2025-10-06,30.18,paid,credit_card
161,24,21,2025-11-06,30.18,paid,credit_card
162,25,22,2025-04-09,150.98,paid,credit_card
163,25,22,2025-05-09,150.98,paid,bank_transfer
164,25,22,2025-06-09,150.98,paid,bank_transfer
165,25,22,2025-07-09,150.98,paid,bank_transfer
166,25,22,2025-08-09,150.98,paid,paypal
167,25,22,2025-09-09,150.98,paid,credit_card
168,25,22,2025-10-09,150.98,paid,paypal
169,25,22,2025-11-09,150.98,paid,paypal
170,26,23,2025-09-21,30.43,paid,bank_transfer
171,26,23,2025-10-21,30.43,pending,bank_transfer
172,27,24,2024-07-20,990.0,paid,credit_card
173,27,24,2025-07-20,990.0,paid,credit_card
174,28,25,2023-03-30,324.12,paid,credit_card
175,28,25,2024-03-30,324.12,paid,bank_transfer
176,28,25,2025-03-30,324.12,paid,credit_card
177,29,26,2024-10-25,78.77,paid,credit_card
178,29,26,2024-11-25,78.77,paid,paypal
179,29,26,2024-12-25,78.77,paid,bank_transfer
180,29,26,2025-01-25,78.77,paid,credit_card
181,29,26,2025-02-25,78.77,paid,credit_card
182,29,26,2025-03-25,78.77,paid,bank_transfer
183,29,26,2025-04-25,78.77,paid,credit_card
184,29,26,2025-05-25,78.77,paid,paypal
185,29,26,2025-06-25,78.77,refunded,bank_transfer
186,29,26,2025-07-25,78.77,paid,credit_card
187,29,26,2025-08-25,78.77,paid,credit_card
188,29,26,2025-09-25,78.77,pending,credit_card
189,29,26,2025-10-25,78.77,paid,bank_transfer
190,30,27,2023-08-17,28.59,paid,credit_card
191,30,27,2023-09-17,28.59,paid,bank_transfer
192,30,27,2023-10-17,28.59,paid,bank_transfer
193,30,27,2023-11-17,28.59,paid,credit_card
194,30,27,2023-12-17,28.59,refunded,credit_card
195,30,27,2024-01-17,28.59,overdue,paypal
196,30,27,2024-02-17,28.59,paid,credit_card
197,30,27,2024-03-17,28.59,paid,credit_card
198,30,27,2024-04-17,28.59,paid,credit_card
199,30,27,2024-05-17,28.59,paid,credit_card
200,30,27,2024-06-17,28.59,paid,credit_card
201,30,27,2024-07-17,28.59,paid,bank_transfer
202,30,27,2024-08-17,28.59,paid,credit_card
203,30,27,2024-09-17,28.59,paid,bank_transfer
204,31,27,2024-10-16,153.98,paid,credit_card
205,31,27,2024-11-16,153.98,paid,paypal
206,31,27,2024-12-16,153.98,paid,bank_transfer
207,31,27,2025-01-16,153.98,paid,credit_card
208,31,27,2025-02-16,153.98,paid,paypal
209,31,27,2025-03-16,153.98,paid,bank_transfer
210,31,27,2025-04-16,153.98,paid,credit_card
211,31,27,2025-05-16,153.98,paid,credit_card
212,31,27,2025-06-16,153.98,paid,credit_card
213,31,27,2025-07-16,153.98,paid,credit_card
214,31,27,2025-08-16,153.98,paid,paypal
215,31,27,2025-09-16,153.98,paid,bank_transfer
216,31,27,2025-10-16,153.98,paid,bank_transfer
217,32,28,2025-05-23,27.85,paid,credit_card
218,32,28,2025-06-23,27.85,paid,credit_card
219,32,28,2025-07-23,27.85,paid,paypal
220,32,28,2025-08-23,27.85,paid,credit_card
221,32,28,2025-09-23,27.85,paid,bank_transfer
222,32,28,2025-10-23,27.85,paid,paypal
223,33,29,2025-09-15,854.64,paid,credit_card
224,34,30,2025-08-31,1788.12,paid,credit_card
225,35,31,2025-10-26,135.36,paid,bank_transfer
226,36,32,2023-08-29,29.81,paid,credit_card
227,36,32,2023-09-29,29.81,paid,credit_card
228,36,32,2023-10-29,29.81,paid,credit_card
229,36,32,2023-11-29,29.81,paid,paypal
230,36,32,2023-12-29,29.81,paid,credit_card
231,36,32,2024-01-29,29.81,paid,credit_card
232,36,32,2024-02-29,29.81,refunded,credit_card
233,36,32,2024-03-29,29.81,paid,bank_transfer
234,36,32,2024-04-29,29.81,paid,bank_transfer
235,36,32,2024-05-29,29.81,paid,credit_card
236,36,32,2024-06-29,29.81,overdue,credit_card
237,36,32,2024-07-29,29.81,pending,credit_card
238,36,32,2024-08-29,29.81,paid,credit_card
239,36,32,2024-09-29,29.81,paid,credit_card
240,36,32,2024-10-29,29.81,paid,paypal
241,36,32,2024-11-29,29.81,paid,credit_card
242,36,32,2024-12-29,29.81,paid,bank_transfer
243,36,32,2025-01-29,29.81,paid,bank_transfer
244,36,32,2025-02-28,29.81,paid,paypal
245,36,32,2025-03-28,29.81,paid,credit_card
246,36,32,2025-04-28,29.81,paid,credit_card
247,36,32,2025-05-28,29.81,paid,bank_transfer
248,36,32,2025-06-28,29.81,paid,paypal
249,36,32,2025-07-28,29.81,paid,credit_card
250,36,32,2025-08-28,29.81,paid,bank_transfer
251,36,32,2025-09-28,29.81,paid,bank_transfer
252,36,32,2025-10-28,29.81,paid,credit_card
253,37,33,2022-03-14,31.6,paid,credit_card
254,37,33,2022-04-14,31.6,paid,credit_card
255,37,33,2022-05-14,31.6,paid,bank_transfer
256,37,33,2022-06-14,31.6,paid,bank_transfer
257,37,33,2022-07-14,31.6,paid,credit_card
258,37,33,2022-08-14,31.6,paid,credit_card
259,37,33,2022-09-14,31.6,paid,credit_card
260,37,33,2022-10-14,31.6,paid,credit_card
261,37,33,2022-11-14,31.6,paid,bank_transfer
262,37,33,2022-12-14,31.6,paid,paypal
263,37,33,2023-01-14,31.6,paid,paypal
264,37,33,2023-02-14,31.6,paid,paypal
265,37,33,2023-03-14,31.6,refunded,credit_card
266,37,33,2023-04-14,31.6,paid,credit_card
267,38,33,2023-05-31,28.63,paid,credit_card
268,38,33,2023-06-28,28.63,paid,bank_transfer
269,38,33,2023-07-28,28.63,paid,credit_card
270,38,33,2023-08-28,28.63,paid,paypal
271,38,33,2023-09-28,28.63,paid,bank_transfer
272,38,33,2023-10-28,28.63,refunded,credit_card
273,38,33,2023-11-28,28.63,paid,credit_card
274,38,33,2023-12-28,28.63,paid,bank_transfer
275,38,33,2024-01-28,28.63,paid,credit_card
276,38,33,2024-02-28,28.63,paid,bank_transfer
277,39,33,2024-03-28,1637.28,paid,credit_card
278,39,33,2025-03-28,1637.28,paid,bank_transfer
279,40,34,2025-07-01,867.72,paid,credit_card
280,41,35,2024-08-23,3481.2,paid,bank_transfer
281,41,35,2025-08-23,3481.2,paid,credit_card
282,42,36,2025-04-24,27.58,paid,credit_card
283,42,36,2025-05-24,27.58,paid,bank_transfer
284,42,36,2025-06-24,27.58,paid,credit_card
285,42,36,2025-07-24,27.58,paid,credit_card
286,42,36,2025-08-24,27.58,refunded,bank_transfer
287,42,36,2025-09-24,27.58,paid,bank_transfer
288,42,36,2025-10-24,27.58,paid,credit_card
289,43,37,2024-01-21,1033.56,paid,credit_card
290,44,37,2024-12-08,1816.44,paid,bank_transfer
291,45,38,2022-09-18,3461.16,paid,bank_transfer
292,45,38,2023-09-18,3461.16,paid,credit_card
293,45,38,2024-09-18,3461.16,paid,credit_card
294,45,38,2025-09-18,3461.16,paid,credit_card
295,46,39,2023-06-01,972.96,paid,credit_card
296,46,39,2024-06-01,972.96,paid,bank_transfer
297,46,39,2025-06-01,972.96,paid,credit_card
298,47,40,2025-07-14,78.4,paid,bank_transfer
299,47,40,2025-08-14,78.4,paid,bank_transfer
300,47,40,2025-09-14,78.4,paid,credit_card
301,47,40,2025-10-14,78.4,paid,credit_card
302,47,40,2025-11-14,78.4,paid,credit_card
303,48,41,2022-08-22,163.23,paid,paypal
304,48,41,2022-09-22,163.23,paid,bank_transfer
305,48,41,2022-10-22,163.23,paid,credit_card
306,48,41,2022-11-22,163.23,paid,credit_card
307,48,41,2022-12-22,163.23,paid,credit_card
308,48,41,2023-01-22,163.23,paid,bank_transfer
309,48,41,2023-02-22,163.23,paid,credit_card
310,48,41,2023-03-22,163.23,paid,credit_card
311,48,41,2023-04-22,163.23,paid,paypal
312,48,41,2023-05-22,163.23,paid,credit_card
313,48,41,2023-06-22,163.23,paid,bank_transfer
314,48,41,2023-07-22,163.23,paid,bank_transfer
315,48,41,2023-08-22,163.23,paid,credit_card
316,48,41,2023-09-22,163.23,paid,credit_card
317,48,41,2023-10-22,163.23,paid,credit_card
318,48,41,2023-11-22,163.23,paid,credit_card
319,48,41,2023-12-22,163.23,paid,credit_card
320,48,41,2024-01-22,163.23,paid,paypal
321,48,41,2024-02-22,163.23,refunded,credit_card
322,48,41,2024-03-22,163.23,refunded,paypal
323,48,41,2024-04-22,163.23,paid,credit_card
324,48,41,2024-05-22,163.23,paid,bank_transfer
325,48,41,2024-06-22,163.23,paid,credit_card
326,48,41,2024-07-22,163.23,paid,paypal
327,48,41,2024-08-22,163.23,paid,credit_card
328,48,41,2024-09-22,163.23,pending,credit_card
329,48,41,2024-10-22,163.23,paid,credit_card
330,48,41,2024-11-22,163.23,paid,credit_card
331,48,41,2024-12-22,163.23,paid,credit_card
332,48,41,2025-01-22,163.23,paid,credit_card
333,48,41,2025-02-22,163.23,paid,bank_transfer
334,48,41,2025-03-22,163.23,paid,credit_card
335,48,41,2025-04-22,163.23,paid,credit_card
336,48,41,2025-05-22,163.23,paid,paypal
337,48,41,2025-06-22,163.23,paid,credit_card
338,48,41,2025-07-22,163.23,paid,credit_card
339,48,41,2025-08-22,163.23,paid,credit_card
340,48,41,2025-09-22,163.23,paid,credit_card
341,48,41,2025-10-22,163.23,paid,credit_card
342,49,42,2023-04-22,1034.16,paid,credit_card
343,49,42,2024-04-22,1034.16,paid,credit_card
344,49,42,2025-04-22,1034.16,paid,credit_card
345,50,43,2023-04-19,888.84,paid,bank_transfer
346,51,43,2024-03-05,3552.48,paid,bank_transfer
347,51,43,2025-03-05,3552.48,paid,credit_card
348,52,43,2025-07-17,3289.68,paid,credit_card
349,53,44,2023-10-22,3605.28,paid,credit_card
350,54,44,2024-07-06,3507.24,paid,paypal
351,54,44,2025-07-06,3507.24,paid,paypal
352,55,45,2023-04-02,3469.32,paid,credit_card
353,55,45,2024-04-02,3469.32,paid,credit_card
354,55,45,2025-04-02,3469.32,paid,credit_card
355,56,46,2025-03-21,1014.6,paid,credit_card
356,57,47,2022-09-08,979.08,paid,paypal
357,57,47,2023-09-08,979.08,paid,paypal
358,57,47,2024-09-08,979.08,paid,paypal
359,57,47,2025-09-08,979.08,paid,credit_card
360,58,48,2025-01-10,877.68,paid,credit_card
361,59,49,2024-10-04,76.29,paid,bank_transfer
362,59,49,2024-11-04,76.29,paid,bank_transfer
363,59,49,2024-12-04,76.29,paid,credit_card
364,59,49,2025-01-04,76.29,paid,bank_transfer
365,59,49,2025-02-04,76.29,paid,credit_card
366,59,49,2025-03-04,76.29,paid,credit_card
367,59,49,2025-04-04,76.29,paid,credit_card
368,59,49,2025-05-04,76.29,paid,credit_card
369,59,49,2025-06-04,76.29,paid,credit_card
370,59,49,2025-07-04,76.29,paid,credit_card
371,59,49,2025-08-04,76.29,paid,credit_card
372,59,49,2025-09-04,76.29,paid,paypal
373,59,49,2025-10-04,76.29,paid,credit_card
374,59,49,2025-11-04,76.29,pending,bank_transfer
375,60,50,2025-09-05,323.66,paid,paypal
376,60,50,2025-10-05,323.66,paid,credit_card
377,62,50,2025-10-27,298.18,paid,credit_card
378,63,51,2023-02-17,1645.32,paid,credit_card
379,63,51,2024-02-17,1645.32,paid,bank_transfer
380,63,51,2025-02-17,1645.32,paid,credit_card
381,64,52,2022-03-26,336.6,paid,paypal
382,65,52,2022-08-20,883.92,paid,credit_card
383,65,52,2023-08-20,883.92,paid,credit_card
384,65,52,2024-08-20,883.92,paid,credit_card
385,65,52,2025-08-20,883.92,paid,credit_card
386,66,53,2024-07-18,28.64,paid,paypal
387,66,53,2024-08-18,28.64,paid,paypal
388,66,53,2024-09-18,28.64,paid,credit_card
389,66,53,2024-10-18,28.64,paid,bank_transfer
390,66,53,2024-11-18,28.64,paid,bank_transfer
391,66,53,2024-12-18,28.64,paid,credit_card
392,66,53,2025-01-18,28.64,paid,paypal
393,66,53,2025-02-18,28.64,paid,credit_card
394,66,53,2025-03-18,28.64,paid,credit_card
395,66,53,2025-04-18,28.64,paid,bank_transfer
396,66,53,2025-05-18,28.64,paid,bank_transfer
397,66,53,2025-06-18,28.64,paid,bank_transfer
398,66,53,2025-07-18,28.64,paid,credit_card
399,66,53,2025-08-18,28.64,paid,paypal
400,67,53,2025-09-21,28.68,paid,credit_card
401,67,53,2025-10-21,28.68,paid,credit_card
402,68,54,2024-02-09,1719.84,paid,credit_card
403,68,54,2025-02-09,1719.84,paid,credit_card
404,69,55,2025-01-03,1947.84,paid,paypal
405,70,55,2025-11-10,1745.76,paid,credit_card
406,71,56,2023-09-22,272.22,paid,credit_card
407,71,56,2023-10-22,272.22,overdue,credit_card
408,71,56,2023-11-22,272.22,paid,credit_card
409,71,56,2023-12-22,272.22,paid,credit_card
410,71,56,2024-01-22,272.22,paid,credit_card
411,71,56,2024-02-22,272.22,paid,credit_card
412,71,56,2024-03-22,272.22,paid,bank_transfer
413,71,56,2024-04-22,272.22,paid,credit_card
414,71,56,2024-05-22,272.22,paid,credit_card
415,71,56,2024-06-22,272.22,paid,credit_card
416,71,56,2024-07-22,272.22,paid,paypal
417,71,56,2024-08-22,272.22,paid,credit_card
418,71,56,2024-09-22,272.22,paid,credit_card
419,71,56,2024-10-22,272.22,paid,credit_card
420,71,56,2024-11-22,272.22,paid,paypal
421,71,56,2024-12-22,272.22,paid,bank_transfer
422,71,56,2025-01-22,272.22,paid,paypal
423,71,56,2025-02-22,272.22,paid,credit_card
424,71,56,2025-03-22,272.22,paid,credit_card
425,71,56,2025-04-22,272.22,paid,bank_transfer
426,71,56,2025-05-22,272.22,paid,credit_card
427,71,56,2025-06-22,272.22,refunded,paypal
428,71,56,2025-07-22,272.22,paid,credit_card
429,71,56,2025-08-22,272.22,paid,credit_card
430,71,56,2025-09-22,272.22,paid,credit_card
431,71,56,2025-10-22,272.22,paid,credit_card
432,72,57,2024-10-31,79.25,paid,credit_card
433,72,57,2024-11-28,79.25,paid,paypal
434,72,57,2024-12-28,79.25,paid,credit_card
435,72,57,2025-01-28,79.25,paid,credit_card
436,73,57,2025-03-07,28.71,paid,paypal
437,73,57,2025-04-07,28.71,paid,credit_card
438,73,57,2025-05-07,28.71,paid,credit_card
439,73,57,2025-06-07,28.71,paid,credit_card
440,73,57,2025-07-07,28.71,paid,paypal
441,73,57,2025-08-07,28.71,paid,bank_transfer
442,73,57,2025-09-07,28.71,paid,paypal
443,73,57,2025-10-07,28.71,paid,credit_card
444,74,57,2025-10-30,376.56,pending,bank_transfer
445,75,58,2024-07-17,3513.72,paid,credit_card
446,76,58,2025-04-03,1619.28,overdue,credit_card
447,77,58,2025-11-08,316.42,paid,credit_card
448,78,59,2025-06-04,879.48,paid,credit_card
449,79,59,2025-11-05,26.56,paid,credit_card
450,80,60,2023-04-14,300.66,paid,bank_transfer
451,80,60,2023-05-14,300.66,paid,paypal
452,80,60,2023-06-14,300.66,overdue,paypal
453,80,60,2023-07-14,300.66,paid,credit_card
454,80,60,2023-08-14,300.66,paid,paypal
455,80,60,2023-09-14,300.66,paid,paypal
456,80,60,2023-10-14,300.66,paid,credit_card
457,80,60,2023-11-14,300.66,paid,credit_card
458,80,60,2023-12-14,300.66,paid,bank_transfer
459,80,60,2024-01-14,300.66,paid,bank_transfer
460,80,60,2024-02-14,300.66,paid,credit_card
461,80,60,2024-03-14,300.66,paid,bank_transfer
462,80,60,2024-04-14,300.66,paid,credit_card
463,80,60,2024-05-14,300.66,paid,credit_card
464,80,60,2024-06-14,300.66,refunded,credit_card
465,80,60,2024-07-14,300.66,refunded,paypal
466,80,60,2024-08-14,300.66,refunded,credit_card
467,80,60,2024-09-14,300.66,paid,credit_card
468,80,60,2024-10-14,300.66,paid,credit_card
469,80,60,2024-11-14,300.66,refunded,credit_card
470,80,60,2024-12-14,300.66,paid,credit_card
471,80,60,2025-01-14,300.66,paid,bank_transfer
472,80,60,2025-02-14,300.66,paid,credit_card
473,80,60,2025-03-14,300.66,paid,bank_transfer
474,80,60,2025-04-14,300.66,paid,credit_card
475,80,60,2025-05-14,300.66,paid,credit_card
476,80,60,2025-06-14,300.66,paid,credit_card
477,80,60,2025-07-14,300.66,paid,bank_transfer
478,80,60,2025-08-14,300.66,overdue,paypal
479,80,60,2025-09-14,300.66,paid,credit_card
480,80,60,2025-10-14,300.66,paid,credit_card
481,80,60,2025-11-14,300.66,pending,credit_card
482,81,61,2022-10-24,932.76,paid,credit_card
483,81,61,2023-10-24,932.76,paid,credit_card
484,81,61,2024-10-24,932.76,paid,credit_card
485,81,61,2025-10-24,932.76,paid,paypal
486,82,62,2024-10-08,151.88,paid,credit_card
487,82,62,2024-11-08,151.88,paid,credit_card
488,82,62,2024-12-08,151.88,paid,credit_card
489,82,62,2025-01-08,151.88,refunded,credit_card
490,82,62,2025-02-08,151.88,paid,credit_card
491,82,62,2025-03-08,151.88,paid,bank_transfer
492,82,62,2025-04-08,151.88,paid,credit_card
493,82,62,2025-05-08,151.88,refunded,credit_card
494,82,62,2025-06-08,151.88,paid,credit_card
495,82,62,2025-07-08,151.88,paid,bank_transfer
496,82,62,2025-08-08,151.88,paid,credit_card
497,82,62,2025-09-08,151.88,paid,bank_transfer
498,82,62,2025-10-08,151.88,paid,credit_card
499,82,62,2025-11-08,151.88,paid,credit_card
500,83,63,2025-08-05,343.08,paid,credit_card
501,84,64,2025-10-08,3290.64,paid,credit_card
502,85,65,2025-10-10,163.55,paid,credit_card
503,85,65,2025-11-10,163.55,pending,credit_card
504,86,66,2025-04-22,163.33,paid,credit_card
505,86,66,2025-05-22,163.33,paid,credit_card
506,86,66,2025-06-22,163.33,paid,bank_transfer
507,86,66,2025-07-22,163.33,paid,credit_card
508,86,66,2025-08-22,163.33,paid,credit_card
509,86,66,2025-09-22,163.33,paid,credit_card
510,86,66,2025-10-22,163.33,pending,credit_card
511,87,67,2023-09-26,364.2,paid,bank_transfer
512,87,67,2024-09-26,364.2,paid,paypal
513,88,67,2025-01-12,144.01,paid,credit_card
514,88,67,2025-02-12,144.01,paid,credit_card
515,88,67,2025-03-12,144.01,paid,bank_transfer
516,88,67,2025-04-12,144.01,paid,credit_card
517,88,67,2025-05-12,144.01,paid,credit_card
518,88,67,2025-06-12,144.01,paid,credit_card
519,88,67,2025-07-12,144.01,paid,paypal
520,88,67,2025-08-12,144.01,paid,credit_card
521,88,67,2025-09-12,144.01,paid,paypal
522,88,67,2025-10-12,144.01,paid,credit_card
523,88,67,2025-11-12,144.01,refunded,credit_card
524,89,68,2023-07-22,30.62,paid,bank_transfer
525,89,68,2023-08-22,30.62,paid,paypal
526,89,68,2023-09-22,30.62,paid,bank_transfer
527,89,68,2023-10-22,30.62,paid,credit_card
528,89,68,2023-11-22,30.62,paid,paypal
529,89,68,2023-12-22,30.62,paid,credit_card
530,89,68,2024-01-22,30.62,paid,credit_card
531,89,68,2024-02-22,30.62,paid,paypal
532,89,68,2024-03-22,30.62,paid,bank_transfer
533,89,68,2024-04-22,30.62,paid,credit_card
534,89,68,2024-05-22,30.62,paid,credit_card
535,89,68,2024-06-22,30.62,paid,bank_transfer
536,89,68,2024-07-22,30.62,paid,credit_card
537,89,68,2024-08-22,30.62,paid,paypal
538,90,68,2024-09-26,158.28,paid,credit_card
539,90,68,2024-10-26,158.28,paid,paypal
540,90,68,2024-11-26,158.28,paid,credit_card
541,90,68,2024-12-26,158.28,paid,credit_card
542,90,68,2025-01-26,158.28,paid,credit_card
543,90,68,2025-02-26,158.28,paid,bank_transfer
544,90,68,2025-03-26,158.28,paid,paypal
545,90,68,2025-04-26,158.28,paid,bank_transfer
546,90,68,2025-05-26,158.28,paid,credit_card
547,90,68,2025-06-26,158.28,paid,paypal
548,90,68,2025-07-26,158.28,paid,credit_card
549,90,68,2025-08-26,158.28,paid,credit_card
550,90,68,2025-09-26,158.28,paid,credit_card
551,90,68,2025-10-26,158.28,pending,bank_transfer
552,91,69,2023-07-23,26.35,paid,paypal
553,91,69,2023-08-23,26.35,paid,credit_card
554,91,69,2023-09-23,26.35,paid,bank_transfer
555,91,69,2023-10-23,26.35,paid,bank_transfer
556,91,69,2023-11-23,26.35,paid,bank_transfer
557,91,69,2023-12-23,26.35,paid,credit_card
558,91,69,2024-01-23,26.35,paid,paypal
559,91,69,2024-02-23,26.35,paid,credit_card
560,91,69,2024-03-23,26.35,pending,credit_card
561,91,69,2024-04-23,26.35,paid,credit_card
562,91,69,2024-05-23,26.35,paid,bank_transfer
563,91,69,2024-06-23,26.35,paid,credit_card
564,91,69,2024-07-23,26.35,paid,credit_card
565,91,69,2024-08-23,26.35,paid,credit_card
566,91,69,2024-09-23,26.35,paid,credit_card
567,91,69,2024-10-23,26.35,paid,credit_card
568,91,69,2024-11-23,26.35,paid,credit_card
569,91,69,2024-12-23,26.35,paid,paypal
570,91,69,2025-01-23,26.35,paid,credit_card
571,91,69,2025-02-23,26.35,paid,credit_card
572,91,69,2025-03-23,26.35,paid,bank_transfer
573,91,69,2025-04-23,26.35,paid,paypal
574,91,69,2025-05-23,26.35,paid,paypal
575,91,69,2025-06-23,26.35,paid,bank_transfer
576,91,69,2025-07-23,26.35,paid,credit_card
577,91,69,2025-08-23,26.35,paid,bank_transfer
578,91,69,2025-09-23,26.35,paid,credit_card
579,91,69,2025-10-23,26.35,pending,credit_card
580,92,70,2025-10-03,86.73,paid,credit_card
581,94,70,2025-10-18,288.95,paid,credit_card
582,95,71,2025-09-09,3871.2,paid,credit_card
583,96,71,2025-11-01,3492.84,paid,bank_transfer
584,97,72,2022-07-17,343.2,paid,credit_card
585,97,72,2023-07-17,343.2,paid,credit_card
586,97,72,2024-07-17,343.2,paid,credit_card
587,97,72,2025-07-17,343.2,paid,bank_transfer
588,98,73,2024-11-02,28.0,paid,credit_card
589,98,73,2024-12-02,28.0,paid,credit_card
590,98,73,2025-01-02,28.0,paid,credit_card
591,98,73,2025-02-02,28.0,paid,credit_card
592,98,73,2025-03-02,28.0,paid,bank_transfer
593,98,73,2025-04-02,28.0,paid,bank_transfer
594,98,73,2025-05-02,28.0,paid,credit_card
595,98,73,2025-06-02,28.0,paid,credit_card
596,98,73,2025-07-02,28.0,paid,credit_card
597,98,73,2025-08-02,28.0,overdue,credit_card
598,98,73,2025-09-02,28.0,paid,credit_card
599,98,73,2025-10-02,28.0,paid,credit_card
600,98,73,2025-11-02,28.0,overdue,bank_transfer
601,99,74,2022-08-04,28.67,paid,bank_transfer
602,99,74,2022-09-04,28.67,paid,bank_transfer
603,99,74,2022-10-04,28.67,paid,bank_transfer
604,99,74,2022-11-04,28.67,paid,credit_card
605,99,74,2022-12-04,28.67,paid,credit_card
606,99,74,2023-01-04,28.67,paid,bank_transfer
607,99,74,2023-02-04,28.67,paid,credit_card
608,99,74,2023-03-04,28.67,paid,credit_card
609,99,74,2023-04-04,28.67,paid,credit_card
610,99,74,2023-05-04,28.67,paid,paypal
611,99,74,2023-06-04,28.67,paid,bank_transfer
612,99,74,2023-07-04,28.67,paid,credit_card
613,99,74,2023-08-04,28.67,paid,credit_card
614,99,74,2023-09-04,28.67,paid,credit_card
615,99,74,2023-10-04,28.67,paid,bank_transfer
616,100,74,2023-11-07,305.87,pending,credit_card
617,100,74,2023-12-07,305.87,paid,paypal
618,100,74,2024-01-07,305.87,paid,credit_card
619,100,74,2024-02-07,305.87,paid,bank_transfer
620,100,74,2024-03-07,305.87,paid,credit_card
621,100,74,2024-04-07,305.87,paid,paypal
622,100,74,2024-05-07,305.87,paid,bank_transfer
623,100,74,2024-06-07,305.87,paid,credit_card
624,100,74,2024-07-07,305.87,paid,credit_card
625,100,74,2024-08-07,305.87,paid,credit_card
626,100,74,2024-09-07,305.87,paid,credit_card
627,100,74,2024-10-07,305.87,paid,credit_card
628,100,74,2024-11-07,305.87,paid,paypal
629,100,74,2024-12-07,305.87,paid,credit_card
630,100,74,2025-01-07,305.87,paid,bank_transfer
631,100,74,2025-02-07,305.87,paid,credit_card
632,100,74,2025-03-07,305.87,paid,credit_card
633,100,74,2025-04-07,305.87,paid,bank_transfer
634,100,74,2025-05-07,305.87,paid,credit_card
635,100,74,2025-06-07,305.87,paid,credit_card
636,100,74,2025-07-07,305.87,paid,bank_transfer
637,100,74,2025-08-07,305.87,paid,bank_transfer
638,100,74,2025-09-07,305.87,paid,credit_card
639,100,74,2025-10-07,305.87,paid,bank_transfer
640,100,74,2025-11-07,305.87,paid,paypal
641,101,75,2024-02-03,29.99,paid,bank_transfer
642,101,75,2024-03-03,29.99,paid,paypal
643,101,75,2024-04-03,29.99,paid,credit_card
644,101,75,2024-05-03,29.99,paid,bank_transfer
645,101,75,2024-06-03,29.99,paid,credit_card
646,101,75,2024-07-03,29.99,paid,bank_transfer
647,101,75,2024-08-03,29.99,paid,bank_transfer
648,101,75,2024-09-03,29.99,paid,credit_card
649,101,75,2024-10-03,29.99,refunded,credit_card
650,101,75,2024-11-03,29.99,overdue,bank_transfer
651,101,75,2024-12-03,29.99,paid,credit_card
652,102,75,2025-01-16,138.87,paid,credit_card
653,102,75,2025-02-16,138.87,paid,bank_transfer
654,102,75,2025-03-16,138.87,paid,credit_card
655,102,75,2025-04-16,138.87,pending,credit_card
656,102,75,2025-05-16,138.87,pending,credit_card
657,102,75,2025-06-16,138.87,paid,bank_transfer
658,102,75,2025-07-16,138.87,paid,credit_card
659,102,75,2025-08-16,138.87,paid,credit_card
660,102,75,2025-09-16,138.87,paid,bank_transfer
661,102,75,2025-10-16,138.87,paid,paypal
662,103,76,2024-12-29,276.65,paid,bank_transfer
663,103,76,2025-01-29,276.65,paid,credit_card
664,103,76,2025-02-28,276.65,paid,credit_card
665,103,76,2025-03-28,276.65,paid,bank_transfer
666,103,76,2025-04-28,276.65,paid,credit_card
667,103,76,2025-05-28,276.65,overdue,bank_transfer
668,103,76,2025-06-28,276.65,paid,credit_card
669,103,76,2025-07-28,276.65,paid,bank_transfer
670,103,76,2025-08-28,276.65,paid,credit_card
671,103,76,2025-09-28,276.65,paid,bank_transfer
672,103,76,2025-10-28,276.65,overdue,credit_card
673,104,77,2023-12-16,271.04,paid,paypal
674,104,77,2024-01-16,271.04,paid,bank_transfer
675,104,77,2024-02-16,271.04,paid,credit_card
676,104,77,2024-03-16,271.04,paid,credit_card
677,104,77,2024-04-16,271.04,paid,bank_transfer
678,104,77,2024-05-16,271.04,paid,credit_card
679,104,77,2024-06-16,271.04,paid,credit_card
680,104,77,2024-07-16,271.04,paid,credit_card
681,104,77,2024-08-16,271.04,paid,credit_card
682,104,77,2024-09-16,271.04,refunded,bank_transfer
683,104,77,2024-10-16,271.04,paid,bank_transfer
684,104,77,2024-11-16,271.04,paid,bank_transfer
685,104,77,2024-12-16,271.04,paid,bank_transfer
686,104,77,2025-01-16,271.04,paid,credit_card
687,104,77,2025-02-16,271.04,paid,paypal
688,104,77,2025-03-16,271.04,paid,credit_card
689,104,77,2025-04-16,271.04,paid,credit_card
690,104,77,2025-05-16,271.04,paid,credit_card
691,104,77,2025-06-16,271.04,paid,credit_card
692,104,77,2025-07-16,271.04,paid,credit_card
693,104,77,2025-08-16,271.04,paid,credit_card
694,104,77,2025-09-16,271.04,paid,paypal
695,104,77,2025-10-16,271.04,paid,credit_card
696,105,78,2025-01-12,72.31,paid,credit_card
697,105,78,2025-02-12,72.31,paid,credit_card
698,105,78,2025-03-12,72.31,paid,bank_transfer
699,105,78,2025-04-12,72.31,paid,bank_transfer
700,105,78,2025-05-12,72.31,paid,bank_transfer
701,105,78,2025-06-12,72.31,paid,credit_card
702,105,78,2025-07-12,72.31,paid,bank_transfer
703,105,78,2025-08-12,72.31,paid,credit_card
704,105,78,2025-09-12,72.31,pending,credit_card
705,105,78,2025-10-12,72.31,paid,credit_card
706,105,78,2025-11-12,72.31,paid,credit_card
707,106,79,2023-11-16,162.72,paid,bank_transfer
708,106,79,2023-12-16,162.72,paid,credit_card
709,106,79,2024-01-16,162.72,paid,credit_card
710,106,79,2024-02-16,162.72,paid,paypal
711,106,79,2024-03-16,162.72,paid,bank_transfer
712,106,79,2024-04-16,162.72,overdue,credit_card
713,106,79,2024-05-16,162.72,paid,credit_card
714,106,79,2024-06-16,162.72,paid,credit_card
715,106,79,2024-07-16,162.72,paid,credit_card
716,106,79,2024-08-16,162.72,paid,credit_card
717,106,79,2024-09-16,162.72,paid,bank_transfer
718,106,79,2024-10-16,162.72,paid,paypal
719,106,79,2024-11-16,162.72,paid,credit_card
720,106,79,2024-12-16,162.72,paid,bank_transfer
721,106,79,2025-01-16,162.72,paid,credit_card
722,106,79,2025-02-16,162.72,paid,credit_card
723,106,79,2025-03-16,162.72,paid,bank_transfer
724,106,79,2025-04-16,162.72,refunded,credit_card
725,106,79,2025-05-16,162.72,paid,credit_card
726,106,79,2025-06-16,162.72,paid,credit_card
727,106,79,2025-07-16,162.72,paid,credit_card
728,106,79,2025-08-16,162.72,overdue,credit_card
729,106,79,2025-09-16,162.72,paid,credit_card
730,106,79,2025-10-16,162.72,paid,credit_card
731,107,80,2024-06-02,1651.32,paid,credit_card
732,107,80,2025-06-02,1651.32,paid,bank_transfer
733,108,81,2024-12-25,1857.36,paid,credit_card
734,109,82,2025-05-25,325.2,paid,bank_transfer
735,110,83,2023-03-20,956.04,overdue,credit_card
736,110,83,2024-03-20,956.04,paid,bank_transfer
737,110,83,2025-03-20,956.04,paid,bank_transfer
738,111,84,2024-05-22,3686.76,paid,credit_card
739,112,84,2025-04-15,74.28,paid,credit_card
740,112,84,2025-05-15,74.28,paid,credit_card
741,112,84,2025-06-15,74.28,paid,credit_card
742,112,84,2025-07-15,74.28,paid,bank_transfer
743,112,84,2025-08-15,74.28,paid,credit_card
744,112,84,2025-09-15,74.28,paid,paypal
745,112,84,2025-10-15,74.28,paid,bank_transfer
746,112,84,2025-11-15,74.28,paid,bank_transfer
747,113,85,2024-07-05,923.16,paid,bank_transfer
748,113,85,2025-07-05,923.16,paid,bank_transfer
749,114,86,2025-04-18,911.88,paid,bank_transfer
750,115,87,2022-08-21,318.34,paid,credit_card
751,115,87,2022-09-21,318.34,paid,paypal
752,115,87,2022-10-21,318.34,paid,bank_transfer
753,115,87,2022-11-21,318.34,paid,credit_card
754,115,87,2022-12-21,318.34,paid,credit_card
755,115,87,2023-01-21,318.34,paid,credit_card
756,115,87,2023-02-21,318.34,paid,credit_card
757,115,87,2023-03-21,318.34,paid,credit_card
758,115,87,2023-04-21,318.34,paid,paypal
759,115,87,2023-05-21,318.34,refunded,bank_transfer
760,115,87,2023-06-21,318.34,paid,credit_card
761,115,87,2023-07-21,318.34,paid,credit_card
762,116,88,2025-01-02,1732.44,paid,paypal
763,117,89,2024-11-08,31.7,paid,bank_transfer
764,117,89,2024-12-08,31.7,pending,credit_card
765,118,90,2025-08-03,27.06,paid,credit_card
766,118,90,2025-09-03,27.06,paid,credit_card
767,118,90,2025-10-03,27.06,paid,credit_card
768,118,90,2025-11-03,27.06,pending,credit_card
769,119,91,2025-06-13,3871.44,paid,paypal
770,120,92,2023-10-07,73.08,paid,bank_transfer
771,120,92,2023-11-07,73.08,paid,paypal
772,120,92,2023-12-07,73.08,paid,credit_card
773,120,92,2024-01-07,73.08,paid,credit_card
774,120,92,2024-02-07,73.08,paid,credit_card
775,120,92,2024-03-07,73.08,paid,credit_card
776,120,92,2024-04-07,73.08,paid,credit_card
777,120,92,2024-05-07,73.08,paid,paypal
778,120,92,2024-06-07,73.08,paid,credit_card
779,120,92,2024-07-07,73.08,paid,credit_card
780,120,92,2024-08-07,73.08,paid,paypal
781,120,92,2024-09-07,73.08,paid,paypal
782,120,92,2024-10-07,73.08,paid,credit_card
783,120,92,2024-11-07,73.08,paid,credit_card
784,120,92,2024-12-07,73.08,paid,credit_card
785,120,92,2025-01-07,73.08,paid,bank_transfer
786,120,92,2025-02-07,73.08,paid,credit_card
787,120,92,2025-03-07,73.08,paid,credit_card
788,120,92,2025-04-07,73.08,paid,credit_card
789,120,92,2025-05-07,73.08,paid,bank_transfer
790,120,92,2025-06-07,73.08,paid,credit_card
791,120,92,2025-07-07,73.08,paid,credit_card
792,120,92,2025-08-07,73.08,paid,credit_card
793,120,92,2025-09-07,73.08,paid,credit_card
794,120,92,2025-10-07,73.08,paid,paypal
795,120,92,2025-11-07,73.08,paid,credit_card
796,121,93,2025-07-31,31.56,overdue,bank_transfer
797,121,93,2025-08-31,31.56,paid,bank_transfer
798,121,93,2025-09-28,31.56,paid,paypal
799,121,93,2025-10-28,31.56,paid,bank_transfer
800,122,94,2025-02-09,159.21,paid,credit_card
801,122,94,2025-03-09,159.21,paid,credit_card
802,122,94,2025-04-09,159.21,paid,credit_card
803,122,94,2025-05-09,159.21,paid,bank_transfer
804,122,94,2025-06-09,159.21,paid,credit_card
805,122,94,2025-07-09,159.21,paid,paypal
806,122,94,2025-08-09,159.21,paid,credit_card
807,122,94,2025-09-09,159.21,paid,credit_card
808,122,94,2025-10-09,159.21,paid,credit_card
809,123,94,2025-11-13,316.32,overdue,bank_transfer
810,124,95,2022-09-22,932.16,paid,bank_transfer
811,124,95,2023-09-22,932.16,paid,paypal
812,124,95,2024-09-22,932.16,paid,paypal
813,124,95,2025-09-22,932.16,paid,bank_transfer
814,125,96,2025-06-29,31.65,paid,bank_transfer
815,125,96,2025-07-29,31.65,paid,credit_card
816,125,96,2025-08-29,31.65,paid,paypal
817,125,96,2025-09-29,31.65,paid,credit_card
818,125,96,2025-10-29,31.65,paid,paypal
819,126,97,2023-11-09,136.27,paid,credit_card
820,126,97,2023-12-09,136.27,pending,credit_card
821,126,97,2024-01-09,136.27,paid,credit_card
822,126,97,2024-02-09,136.27,paid,paypal
823,126,97,2024-03-09,136.27,paid,credit_card
824,126,97,2024-04-09,136.27,paid,credit_card
825,126,97,2024-05-09,136.27,paid,paypal
826,126,97,2024-06-09,136.27,paid,credit_card
827,126,97,2024-07-09,136.27,paid,credit_card
828,126,97,2024-08-09,136.27,paid,bank_transfer
829,126,97,2024-09-09,136.27,paid,credit_card
830,126,97,2024-10-09,136.27,paid,credit_card
831,126,97,2024-11-09,136.27,paid,bank_transfer
832,126,97,2024-12-09,136.27,paid,credit_card
833,126,97,2025-01-09,136.27,paid,credit_card
834,126,97,2025-02-09,136.27,paid,credit_card
835,126,97,2025-03-09,136.27,paid,bank_transfer
836,126,97,2025-04-09,136.27,refunded,credit_card
837,126,97,2025-05-09,136.27,paid,credit_card
838,126,97,2025-06-09,136.27,paid,credit_card
839,126,97,2025-07-09,136.27,paid,credit_card
840,126,97,2025-08-09,136.27,refunded,credit_card
841,126,97,2025-09-09,136.27,paid,credit_card
842,126,97,2025-10-09,136.27,paid,paypal
843,126,97,2025-11-09,136.27,paid,credit_card
844,127,98,2024-06-28,80.69,paid,paypal
845,127,98,2024-07-28,80.69,paid,credit_card
846,127,98,2024-08-28,80.69,paid,bank_transfer
847,127,98,2024-09-28,80.69,paid,bank_transfer
848,127,98,2024-10-28,80.69,paid,credit_card
849,127,98,2024-11-28,80.69,paid,bank_transfer
850,127,98,2024-12-28,80.69,paid,credit_card
851,127,98,2025-01-28,80.69,paid,credit_card
852,127,98,2025-02-28,80.69,paid,credit_card
853,127,98,2025-03-28,80.69,paid,bank_transfer
854,127,98,2025-04-28,80.69,pending,credit_card
855,127,98,2025-05-28,80.69,paid,credit_card
856,127,98,2025-06-28,80.69,overdue,credit_card
857,127,98,2025-07-28,80.69,paid,credit_card
858,127,98,2025-08-28,80.69,paid,credit_card
859,127,98,2025-09-28,80.69,paid,paypal
860,127,98,2025-10-28,80.69,paid,credit_card
861,128,99,2025-02-26,327.43,paid,credit_card
862,128,99,2025-03-26,327.43,paid,bank_transfer
863,128,99,2025-04-26,327.43,paid,credit_card
864,128,99,2025-05-26,327.43,paid,paypal
865,128,99,2025-06-26,327.43,paid,credit_card
866,128,99,2025-07-26,327.43,paid,bank_transfer
867,128,99,2025-08-26,327.43,paid,credit_card
868,128,99,2025-09-26,327.43,paid,bank_transfer
869,129,99,2025-11-02,3458.16,overdue,credit_card
870,130,100,2025-08-12,27.78,paid,credit_card
871,130,100,2025-09-12,27.78,paid,credit_card
872,130,100,2025-10-12,27.78,paid,credit_card
873,130,100,2025-11-12,27.78,refunded,credit_card
874,131,101,2023-02-27,138.86,paid,credit_card
875,131,101,2023-03-27,138.86,paid,credit_card
876,131,101,2023-04-27,138.86,paid,credit_card
877,131,101,2023-05-27,138.86,paid,credit_card
878,131,101,2023-06-27,138.86,paid,credit_card
879,131,101,2023-07-27,138.86,paid,bank_transfer
880,131,101,2023-08-27,138.86,paid,credit_card
881,131,101,2023-09-27,138.86,paid,credit_card
882,131,101,2023-10-27,138.86,paid,credit_card
883,131,101,2023-11-27,138.86,paid,bank_transfer
884,131,101,2023-12-27,138.86,paid,paypal
885,131,101,2024-01-27,138.86,paid,credit_card
886,131,101,2024-02-27,138.86,paid,bank_transfer
887,131,101,2024-03-27,138.86,paid,bank_transfer
888,131,101,2024-04-27,138.86,paid,credit_card
889,131,101,2024-05-27,138.86,paid,credit_card
890,131,101,2024-06-27,138.86,paid,credit_card
891,131,101,2024-07-27,138.86,paid,credit_card
892,131,101,2024-08-27,138.86,paid,credit_card
893,131,101,2024-09-27,138.86,paid,credit_card
894,131,101,2024-10-27,138.86,paid,credit_card
895,131,101,2024-11-27,138.86,paid,credit_card
896,131,101,2024-12-27,138.86,paid,paypal
897,131,101,2025-01-27,138.86,paid,bank_transfer
898,131,101,2025-02-27,138.86,paid,credit_card
899,131,101,2025-03-27,138.86,paid,credit_card
900,131,101,2025-04-27,138.86,paid,bank_transfer
901,131,101,2025-05-27,138.86,paid,bank_transfer
902,131,101,2025-06-27,138.86,paid,credit_card
903,131,101,2025-07-27,138.86,overdue,credit_card
904,131,101,2025-08-27,138.86,paid,paypal
905,131,101,2025-09-27,138.86,overdue,bank_transfer
906,131,101,2025-10-27,138.86,paid,credit_card
907,132,102,2024-05-21,298.9,paid,paypal
908,132,102,2024-06-21,298.9,paid,credit_card
909,132,102,2024-07-21,298.9,paid,bank_transfer
910,132,102,2024-08-21,298.9,paid,credit_card
911,132,102,2024-09-21,298.9,paid,credit_card
912,132,102,2024-10-21,298.9,paid,credit_card
913,132,102,2024-11-21,298.9,pending,credit_card
914,132,102,2024-12-21,298.9,paid,paypal
915,132,102,2025-01-21,298.9,paid,credit_card
916,132,102,2025-02-21,298.9,paid,credit_card
917,132,102,2025-03-21,298.9,paid,credit_card
918,132,102,2025-04-21,298.9,paid,credit_card
919,132,102,2025-05-21,298.9,paid,credit_card
920,132,102,2025-06-21,298.9,paid,credit_card
921,132,102,2025-07-21,298.9,paid,credit_card
922,132,102,2025-08-21,298.9,overdue,credit_card
923,132,102,2025-09-21,298.9,paid,credit_card
924,132,102,2025-10-21,298.9,paid,bank_transfer
925,133,103,2023-09-05,31.58,paid,credit_card
926,133,103,2023-10-05,31.58,paid,credit_card
927,133,103,2023-11-05,31.58,refunded,bank_transfer
928,133,103,2023-12-05,31.58,paid,bank_transfer
929,133,103,2024-01-05,31.58,paid,credit_card
930,134,104,2023-07-25,947.04,paid,credit_card
931,134,104,2024-07-25,947.04,paid,bank_transfer
932,134,104,2025-07-25,947.04,paid,credit_card
933,135,105,2025-09-18,84.49,paid,credit_card
934,135,105,2025-10-18,84.49,pending,bank_transfer
935,136,106,2024-06-12,3491.76,paid,credit_card
936,137,106,2025-06-16,150.59,paid,credit_card
937,137,106,2025-07-16,150.59,paid,credit_card
938,137,106,2025-08-16,150.59,paid,credit_card
939,137,106,2025-09-16,150.59,paid,credit_card
940,137,106,2025-10-16,150.59,paid,credit_card
941,138,107,2025-04-08,1040.76,paid,credit_card
942,139,107,2025-08-11,3511.92,paid,credit_card
943,140,108,2025-04-18,74.25,paid,credit_card
944,140,108,2025-05-18,74.25,paid,credit_card
945,140,108,2025-06-18,74.25,paid,bank_transfer
946,140,108,2025-07-18,74.25,paid,bank_transfer
947,140,108,2025-08-18,74.25,paid,paypal
948,140,108,2025-09-18,74.25,paid,credit_card
949,142,108,2025-11-02,152.17,paid,bank_transfer
950,143,109,2024-10-01,382.2,paid,credit_card
951,143,109,2025-10-01,382.2,paid,credit_card
952,144,110,2022-10-26,1799.52,overdue,paypal
953,144,110,2023-10-26,1799.52,paid,paypal
954,144,110,2024-10-26,1799.52,paid,bank_transfer
955,144,110,2025-10-26,1799.52,paid,paypal
956,145,111,2025-06-23,360.12,paid,credit_card
957,146,111,2025-10-26,1868.52,paid,bank_transfer
958,147,112,2024-01-12,3791.04,paid,bank_transfer
959,147,112,2025-01-12,3791.04,paid,paypal
960,148,113,2022-04-12,885.48,paid,paypal
961,148,113,2023-04-12,885.48,paid,credit_card
962,149,113,2023-05-19,3335.28,paid,credit_card
963,149,113,2024-05-19,3335.28,paid,credit_card
964,149,113,2025-05-19,3335.28,paid,credit_card
965,150,114,2024-12-01,71.4,paid,bank_transfer
966,150,114,2025-01-01,71.4,paid,credit_card
967,150,114,2025-02-01,71.4,paid,paypal
968,150,114,2025-03-01,71.4,paid,credit_card
969,150,114,2025-04-01,71.4,paid,credit_card
970,151,114,2025-05-01,3523.68,refunded,credit_card
971,152,114,2025-11-01,313.1,paid,credit_card
972,153,115,2024-11-11,153.83,pending,credit_card
973,153,115,2024-12-11,153.83,paid,bank_transfer
974,153,115,2025-01-11,153.83,paid,credit_card
975,153,115,2025-02-11,153.83,paid,credit_card
976,153,115,2025-03-11,153.83,paid,credit_card
977,153,115,2025-04-11,153.83,paid,paypal
978,153,115,2025-05-11,153.83,paid,paypal
979,153,115,2025-06-11,153.83,pending,credit_card
980,153,115,2025-07-11,153.83,paid,paypal
981,153,115,2025-08-11,153.83,paid,credit_card
982,153,115,2025-09-11,153.83,paid,bank_transfer
983,153,115,2025-10-11,153.83,paid,credit_card
984,153,115,2025-11-11,153.83,paid,credit_card
985,154,116,2023-12-11,3474.84,paid,credit_card
986,154,116,2024-12-11,3474.84,paid,credit_card
987,155,117,2023-08-23,1857.12,paid,credit_card
988,156,117,2024-02-05,909.84,paid,credit_card
989,157,118,2024-07-05,143.55,paid,bank_transfer
990,157,118,2024-08-05,143.55,paid,credit_card
991,157,118,2024-09-05,143.55,paid,bank_transfer
992,157,118,2024-10-05,143.55,paid,bank_transfer
993,157,118,2024-11-05,143.55,paid,bank_transfer
994,157,118,2024-12-05,143.55,paid,credit_card
995,158,119,2024-01-03,1744.92,paid,credit_card
996,158,119,2025-01-03,1744.92,paid,paypal
997,159,120,2024-07-30,142.76,paid,credit_card
998,159,120,2024-08-30,142.76,paid,bank_transfer
999,159,120,2024-09-30,142.76,paid,credit_card
1000,159,120,2024-10-30,142.76,paid,bank_transfer
1001,159,120,2024-11-30,142.76,paid,bank_transfer
1002,159,120,2024-12-30,142.76,paid,bank_transfer
1003,159,120,2025-01-30,142.76,paid,bank_transfer
1004,159,120,2025-02-28,142.76,paid,credit_card
1005,159,120,2025-03-28,142.76,paid,credit_card
1006,159,120,2025-04-28,142.76,paid,credit_card
1007,159,120,2025-05-28,142.76,paid,credit_card
1008,159,120,2025-06-28,142.76,paid,credit_card
1009,159,120,2025-07-28,142.76,paid,credit_card
1010,159,120,2025-08-28,142.76,overdue,credit_card
1011,159,120,2025-09-28,142.76,refunded,credit_card
1012,160,120,2025-10-01,28.67,paid,credit_card
1013,161,120,2025-10-23,350.64,paid,credit_card
1014,162,121,2025-01-25,151.59,paid,credit_card
1015,162,121,2025-02-25,151.59,paid,bank_transfer
1016,162,121,2025-03-25,151.59,paid,credit_card
1017,162,121,2025-04-25,151.59,paid,credit_card
1018,162,121,2025-05-25,151.59,paid,bank_transfer
1019,162,121,2025-06-25,151.59,paid,credit_card
1020,162,121,2025-07-25,151.59,paid,credit_card
1021,162,121,2025-08-25,151.59,paid,paypal
1022,162,121,2025-09-25,151.59,paid,credit_card
1023,162,121,2025-10-25,151.59,paid,paypal
1024,163,122,2023-11-03,71.93,paid,credit_card
1025,163,122,2023-12-03,71.93,refunded,credit_card
1026,163,122,2024-01-03,71.93,refunded,credit_card
1027,163,122,2024-02-03,71.93,paid,credit_card
1028,163,122,2024-03-03,71.93,paid,credit_card
1029,163,122,2024-04-03,71.93,paid,paypal
1030,163,122,2024-05-03,71.93,pending,credit_card
1031,163,122,2024-06-03,71.93,paid,bank_transfer
1032,163,122,2024-07-03,71.93,paid,credit_card
1033,163,122,2024-08-03,71.93,paid,credit_card
1034,163,122,2024-09-03,71.93,paid,credit_card
1035,163,122,2024-10-03,71.93,paid,paypal
1036,163,122,2024-11-03,71.93,paid,credit_card
1037,163,122,2024-12-03,71.93,paid,bank_transfer
1038,163,122,2025-01-03,71.93,paid,credit_card
1039,163,122,2025-02-03,71.93,paid,paypal
1040,163,122,2025-03-03,71.93,paid,bank_transfer
1041,163,122,2025-04-03,71.93,paid,credit_card
1042,163,122,2025-05-03,71.93,paid,credit_card
1043,163,122,2025-06-03,71.93,paid,bank_transfer
1044,163,122,2025-07-03,71.93,paid,paypal
1045,163,122,2025-08-03,71.93,paid,credit_card
1046,163,122,2025-09-03,71.93,paid,credit_card
1047,163,122,2025-10-03,71.93,paid,credit_card
1048,163,122,2025-11-03,71.93,paid,credit_card
1049,164,123,2024-06-12,134.25,paid,bank_transfer
1050,164,123,2024-07-12,134.25,paid,paypal
1051,164,123,2024-08-12,134.25,paid,credit_card
1052,164,123,2024-09-12,134.25,paid,bank_transfer
1053,164,123,2024-10-12,134.25,paid,credit_card
1054,164,123,2024-11-12,134.25,paid,credit_card
1055,164,123,2024-12-12,134.25,paid,credit_card
1056,164,123,2025-01-12,134.25,paid,credit_card
1057,165,124,2024-01-18,148.33,paid,credit_card
1058,165,124,2024-02-18,148.33,paid,credit_card
1059,165,124,2024-03-18,148.33,paid,credit_card
1060,165,124,2024-04-18,148.33,paid,credit_card
1061,165,124,2024-05-18,148.33,paid,credit_card
1062,165,124,2024-06-18,148.33,paid,bank_transfer
1063,165,124,2024-07-18,148.33,paid,bank_transfer
1064,166,124,2024-08-23,317.28,paid,bank_transfer
1065,166,124,2025-08-23,317.28,paid,bank_transfer
1066,167,124,2025-10-09,364.56,paid,credit_card
1067,168,125,2023-12-02,3830.28,overdue,bank_transfer
1068,169,125,2024-03-16,1786.32,paid,bank_transfer
1069,169,125,2025-03-16,1786.32,paid,credit_card
1070,170,125,2025-09-03,135.22,paid,credit_card
1071,170,125,2025-10-03,135.22,paid,credit_card
1072,170,125,2025-11-03,135.22,paid,credit_card
1073,171,126,2023-07-13,1771.68,pending,credit_card
1074,172,126,2024-06-21,277.13,paid,credit_card
1075,172,126,2024-07-21,277.13,paid,credit_card
1076,172,126,2024-08-21,277.13,paid,credit_card
1077,172,126,2024-09-21,277.13,paid,bank_transfer
1078,172,126,2024-10-21,277.13,paid,credit_card
1079,172,126,2024-11-21,277.13,paid,bank_transfer
1080,172,126,2024-12-21,277.13,paid,paypal
1081,173,126,2025-01-13,3466.44,paid,paypal
1082,174,127,2025-10-14,28.06,paid,credit_card
1083,175,127,2025-11-10,355.68,paid,credit_card
1084,176,128,2022-04-19,28.42,paid,paypal
1085,176,128,2022-05-19,28.42,paid,bank_transfer
1086,176,128,2022-06-19,28.42,paid,bank_transfer
1087,176,128,2022-07-19,28.42,paid,bank_transfer
1088,176,128,2022-08-19,28.42,paid,credit_card
1089,176,128,2022-09-19,28.42,paid,credit_card
1090,176,128,2022-10-19,28.42,paid,credit_card
1091,176,128,2022-11-19,28.42,paid,credit_card
1092,176,128,2022-12-19,28.42,paid,credit_card
1093,177,129,2025-01-31,28.32,overdue,credit_card
1094,177,129,2025-02-28,28.32,paid,bank_transfer
1095,177,129,2025-03-28,28.32,paid,credit_card
1096,177,129,2025-04-28,28.32,paid,bank_transfer
1097,177,129,2025-05-28,28.32,paid,credit_card
1098,177,129,2025-06-28,28.32,paid,credit_card
1099,177,129,2025-07-28,28.32,paid,bank_transfer
1100,178,129,2025-08-26,155.64,paid,credit_card
1101,178,129,2025-09-26,155.64,pending,paypal
1102,179,129,2025-10-28,272.82,paid,paypal
1103,180,130,2024-09-29,1022.88,paid,credit_card
1104,180,130,2025-09-29,1022.88,paid,bank_transfer
1105,181,131,2023-09-05,1714.68,paid,credit_card
1106,181,131,2024-09-05,1714.68,paid,credit_card
1107,181,131,2025-09-05,1714.68,paid,bank_transfer
1108,182,132,2022-10-21,365.28,paid,credit_card
1109,182,132,2023-10-21,365.28,overdue,credit_card
1110,182,132,2024-10-21,365.28,paid,credit_card
1111,182,132,2025-10-21,365.28,paid,credit_card
1112,183,133,2022-11-16,955.08,paid,credit_card
1113,183,133,2023-11-16,955.08,refunded,credit_card
1114,183,133,2024-11-16,955.08,paid,bank_transfer
1115,184,134,2025-04-16,321.31,overdue,bank_transfer
1116,184,134,2025-05-16,321.31,paid,credit_card
1117,184,134,2025-06-16,321.31,paid,credit_card
1118,184,134,2025-07-16,321.31,paid,credit_card
1119,184,134,2025-08-16,321.31,paid,credit_card
1120,184,134,2025-09-16,321.31,paid,credit_card
1121,184,134,2025-10-16,321.31,paid,credit_card
1122,185,135,2023-11-18,29.37,paid,credit_card
1123,185,135,2023-12-18,29.37,paid,credit_card
1124,185,135,2024-01-18,29.37,paid,credit_card
1125,185,135,2024-02-18,29.37,paid,paypal
1126,185,135,2024-03-18,29.37,paid,bank_transfer
1127,185,135,2024-04-18,29.37,paid,bank_transfer
1128,185,135,2024-05-18,29.37,paid,bank_transfer
1129,185,135,2024-06-18,29.37,paid,bank_transfer
1130,185,135,2024-07-18,29.37,pending,credit_card
1131,185,135,2024-08-18,29.37,paid,credit_card
1132,185,135,2024-09-18,29.37,pending,credit_card
1133,185,135,2024-10-18,29.37,paid,bank_transfer
1134,186,135,2024-11-21,151.17,paid,paypal
1135,186,135,2024-12-21,151.17,paid,bank_transfer
1136,186,135,2025-01-21,151.17,paid,credit_card
1137,186,135,2025-02-21,151.17,paid,credit_card
1138,186,135,2025-03-21,151.17,paid,bank_transfer
1139,186,135,2025-04-21,151.17,paid,bank_transfer
1140,186,135,2025-05-21,151.17,refunded,paypal
1141,186,135,2025-06-21,151.17,paid,credit_card
1142,186,135,2025-07-21,151.17,paid,credit_card
1143,186,135,2025-08-21,151.17,paid,credit_card
1144,186,135,2025-09-21,151.17,paid,credit_card
1145,186,135,2025-10-21,151.17,pending,credit_card
1146,187,136,2024-11-21,27.29,paid,credit_card
1147,187,136,2024-12-21,27.29,paid,bank_transfer
1148,187,136,2025-01-21,27.29,paid,credit_card
1149,187,136,2025-02-21,27.29,paid,credit_card
1150,187,136,2025-03-21,27.29,paid,credit_card
1151,187,136,2025-04-21,27.29,refunded,credit_card
1152,187,136,2025-05-21,27.29,paid,credit_card
1153,187,136,2025-06-21,27.29,paid,bank_transfer
1154,187,136,2025-07-21,27.29,paid,credit_card
1155,187,136,2025-08-21,27.29,paid,credit_card
1156,187,136,2025-09-21,27.29,paid,credit_card
1157,187,136,2025-10-21,27.29,paid,bank_transfer
1158,188,137,2023-04-05,147.61,paid,credit_card
1159,188,137,2023-05-05,147.61,paid,bank_transfer
1160,188,137,2023-06-05,147.61,paid,credit_card
1161,188,137,2023-07-05,147.61,pending,credit_card
1162,188,137,2023-08-05,147.61,paid,credit_card
1163,188,137,2023-09-05,147.61,paid,credit_card
1164,188,137,2023-10-05,147.61,paid,credit_card
1165,188,137,2023-11-05,147.61,paid,credit_card
1166,188,137,2023-12-05,147.61,paid,credit_card
1167,188,137,2024-01-05,147.61,paid,bank_transfer
1168,188,137,2024-02-05,147.61,paid,credit_card
1169,188,137,2024-03-05,147.61,paid,bank_transfer
1170,188,137,2024-04-05,147.61,paid,credit_card
1171,188,137,2024-05-05,147.61,paid,credit_card
1172,188,137,2024-06-05,147.61,paid,paypal
1173,188,137,2024-07-05,147.61,paid,bank_transfer
1174,188,137,2024-08-05,147.61,paid,paypal
1175,188,137,2024-09-05,147.61,paid,credit_card
1176,188,137,2024-10-05,147.61,paid,credit_card
1177,188,137,2024-11-05,147.61,paid,credit_card
1178,188,137,2024-12-05,147.61,paid,paypal
1179,188,137,2025-01-05,147.61,paid,bank_transfer
1180,188,137,2025-02-05,147.61,paid,paypal
1181,188,137,2025-03-05,147.61,paid,credit_card
1182,188,137,2025-04-05,147.61,paid,paypal
1183,188,137,2025-05-05,147.61,paid,paypal
1184,188,137,2025-06-05,147.61,paid,bank_transfer
1185,188,137,2025-07-05,147.61,paid,credit_card
1186,188,137,2025-08-05,147.61,paid,credit_card
1187,188,137,2025-09-05,147.61,paid,paypal
1188,188,137,2025-10-05,147.61,paid,bank_transfer
1189,188,137,2025-11-05,147.61,paid,paypal
1190,189,138,2023-08-05,1897.8,paid,credit_card
1191,189,138,2024-08-05,1897.8,paid,credit_card
1192,189,138,2025-08-05,1897.8,paid,credit_card
1193,190,139,2025-08-27,151.33,paid,paypal
1194,190,139,2025-09-27,151.33,refunded,credit_card
1195,191,139,2025-11-08,382.44,paid,credit_card
1196,192,140,2024-04-17,341.64,paid,paypal
1197,192,140,2025-04-17,341.64,refunded,paypal
1198,193,140,2025-08-03,307.72,overdue,credit_card
1199,193,140,2025-09-03,307.72,paid,credit_card
1200,193,140,2025-10-03,307.72,paid,bank_transfer
1201,194,140,2025-10-29,161.43,paid,bank_transfer
1202,195,141,2022-10-15,1656.72,paid,bank_transfer
1203,196,141,2023-02-18,292.6,paid,credit_card
1204,196,141,2023-03-18,292.6,paid,credit_card
1205,196,141,2023-04-18,292.6,paid,credit_card
1206,196,141,2023-05-18,292.6,paid,bank_transfer
1207,196,141,2023-06-18,292.6,paid,bank_transfer
1208,196,141,2023-07-18,292.6,paid,credit_card
1209,197,141,2023-09-07,26.23,paid,paypal
1210,197,141,2023-10-07,26.23,paid,credit_card
1211,197,141,2023-11-07,26.23,paid,bank_transfer
1212,197,141,2023-12-07,26.23,paid,credit_card
1213,197,141,2024-01-07,26.23,paid,credit_card
1214,197,141,2024-02-07,26.23,paid,bank_transfer
1215,197,141,2024-03-07,26.23,paid,bank_transfer
1216,197,141,2024-04-07,26.23,paid,credit_card
1217,197,141,2024-05-07,26.23,paid,paypal
1218,197,141,2024-06-07,26.23,overdue,credit_card
1219,197,141,2024-07-07,26.23,paid,bank_transfer
1220,197,141,2024-08-07,26.23,paid,bank_transfer
1221,197,141,2024-09-07,26.23,paid,credit_card
1222,197,141,2024-10-07,26.23,paid,credit_card
1223,197,141,2024-11-07,26.23,refunded,bank_transfer
1224,197,141,2024-12-07,26.23,paid,bank_transfer
1225,197,141,2025-01-07,26.23,paid,credit_card
1226,197,141,2025-02-07,26.23,paid,credit_card
1227,197,141,2025-03-07,26.23,paid,credit_card
1228,197,141,2025-04-07,26.23,paid,credit_card
1229,197,141,2025-05-07,26.23,paid,credit_card
1230,197,141,2025-06-07,26.23,paid,credit_card
1231,197,141,2025-07-07,26.23,paid,credit_card
1232,197,141,2025-08-07,26.23,paid,paypal
1233,197,141,2025-09-07,26.23,pending,paypal
1234,197,141,2025-10-07,26.23,paid,bank_transfer
1235,197,141,2025-11-07,26.23,paid,credit_card
1236,198,142,2024-05-03,84.11,paid,paypal
1237,198,142,2024-06-03,84.11,paid,bank_transfer
1238,198,142,2024-07-03,84.11,paid,paypal
1239,198,142,2024-08-03,84.11,paid,credit_card
1240,198,142,2024-09-03,84.11,paid,bank_transfer
1241,198,142,2024-10-03,84.11,paid,bank_transfer
1242,198,142,2024-11-03,84.11,paid,paypal
1243,198,142,2024-12-03,84.11,paid,credit_card
1244,198,142,2025-01-03,84.11,paid,bank_transfer
1245,198,142,2025-02-03,84.11,paid,credit_card
1246,198,142,2025-03-03,84.11,paid,paypal
1247,198,142,2025-04-03,84.11,paid,credit_card
1248,198,142,2025-05-03,84.11,paid,paypal
1249,198,142,2025-06-03,84.11,paid,credit_card
1250,198,142,2025-07-03,84.11,paid,paypal
1251,198,142,2025-08-03,84.11,paid,credit_card
1252,198,142,2025-09-03,84.11,paid,bank_transfer
1253,198,142,2025-10-03,84.11,paid,credit_card
1254,198,142,2025-11-03,84.11,paid,paypal
1255,199,143,2024-07-12,155.71,paid,paypal
1256,199,143,2024-08-12,155.71,paid,bank_transfer
1257,199,143,2024-09-12,155.71,paid,credit_card
1258,199,143,2024-10-12,155.71,paid,credit_card
1259,199,143,2024-11-12,155.71,paid,credit_card
1260,199,143,2024-12-12,155.71,paid,credit_card
1261,199,143,2025-01-12,155.71,paid,credit_card
1262,199,143,2025-02-12,155.71,paid,paypal
1263,199,143,2025-03-12,155.71,paid,credit_card
1264,199,143,2025-04-12,155.71,paid,bank_transfer
1265,199,143,2025-05-12,155.71,paid,credit_card
1266,199,143,2025-06-12,155.71,paid,credit_card
1267,199,143,2025-07-12,155.71,paid,bank_transfer
1268,199,143,2025-08-12,155.71,paid,bank_transfer
1269,199,143,2025-09-12,155.71,paid,paypal
1270,199,143,2025-10-12,155.71,paid,credit_card
1271,199,143,2025-11-12,155.71,paid,credit_card
1272,200,144,2025-03-08,85.06,paid,credit_card
1273,200,144,2025-04-08,85.06,paid,paypal
1274,200,144,2025-05-08,85.06,paid,credit_card
1275,200,144,2025-06-08,85.06,paid,credit_card
1276,200,144,2025-07-08,85.06,paid,bank_transfer
1277,200,144,2025-08-08,85.06,overdue,credit_card
1278,200,144,2025-09-08,85.06,paid,paypal
1279,200,144,2025-10-08,85.06,overdue,credit_card
1280,200,144,2025-11-08,85.06,pending,credit_card
1281,201,145,2025-10-30,354.84,paid,credit_card
1282,202,146,2024-06-08,283.11,paid,bank_transfer
1283,202,146,2024-07-08,283.11,paid,credit_card
1284,202,146,2024-08-08,283.11,paid,credit_card
1285,202,146,2024-09-08,283.11,paid,bank_transfer
1286,202,146,2024-10-08,283.11,paid,paypal
1287,202,146,2024-11-08,283.11,paid,bank_transfer
1288,202,146,2024-12-08,283.11,paid,credit_card
1289,202,146,2025-01-08,283.11,paid,credit_card
1290,202,146,2025-02-08,283.11,paid,credit_card
1291,202,146,2025-03-08,283.11,paid,credit_card
1292,202,146,2025-04-08,283.11,paid,credit_card
1293,202,146,2025-05-08,283.11,paid,credit_card
1294,202,146,2025-06-08,283.11,refunded,credit_card
1295,202,146,2025-07-08,283.11,paid,bank_transfer
1296,202,146,2025-08-08,283.11,paid,credit_card
1297,202,146,2025-09-08,283.11,paid,paypal
1298,202,146,2025-10-08,283.11,paid,credit_card
1299,203,146,2025-11-10,149.12,paid,bank_transfer
1300,204,147,2024-12-01,354.84,paid,paypal
1301,205,147,2025-07-21,323.16,paid,bank_transfer
1302,206,148,2023-12-09,379.2,paid,credit_card
1303,207,149,2023-10-26,1956.84,paid,credit_card
1304,207,149,2024-10-26,1956.84,paid,credit_card
1305,207,149,2025-10-26,1956.84,paid,credit_card
1306,208,150,2022-11-22,28.51,paid,credit_card
1307,208,150,2022-12-22,28.51,paid,paypal
1308,208,150,2023-01-22,28.51,paid,credit_card
1309,208,150,2023-02-22,28.51,paid,bank_transfer
1310,208,150,2023-03-22,28.51,paid,bank_transfer
1311,208,150,2023-04-22,28.51,paid,bank_transfer
1312,208,150,2023-05-22,28.51,paid,credit_card
1313,208,150,2023-06-22,28.51,paid,paypal
1314,208,150,2023-07-22,28.51,paid,credit_card
1315,209,150,2023-08-07,1778.52,paid,credit_card
1316,209,150,2024-08-07,1778.52,paid,paypal
1317,209,150,2025-08-07,1778.52,paid,credit_card
1318,210,151,2024-12-23,161.36,paid,credit_card
1319,210,151,2025-01-23,161.36,paid,bank_transfer
1320,210,151,2025-02-23,161.36,paid,credit_card
1321,210,151,2025-03-23,161.36,paid,credit_card
1322,210,151,2025-04-23,161.36,paid,credit_card
1323,210,151,2025-05-23,161.36,paid,credit_card
1324,210,151,2025-06-23,161.36,paid,bank_transfer
1325,210,151,2025-07-23,161.36,paid,credit_card
1326,210,151,2025-08-23,161.36,paid,credit_card
1327,211,151,2025-10-10,145.67,paid,credit_card
1328,211,151,2025-11-10,145.67,paid,credit_card
1329,212,152,2024-11-18,76.96,paid,paypal
1330,212,152,2024-12-18,76.96,paid,credit_card
1331,212,152,2025-01-18,76.96,paid,paypal
1332,212,152,2025-02-18,76.96,paid,credit_card
1333,212,152,2025-03-18,76.96,paid,credit_card
1334,212,152,2025-04-18,76.96,paid,credit_card
1335,212,152,2025-05-18,76.96,paid,paypal
1336,212,152,2025-06-18,76.96,paid,bank_transfer
1337,212,152,2025-07-18,76.96,pending,credit_card
1338,212,152,2025-08-18,76.96,paid,credit_card
1339,212,152,2025-09-18,76.96,paid,credit_card
1340,212,152,2025-10-18,76.96,paid,credit_card
1341,213,153,2024-09-03,80.66,paid,paypal
1342,213,153,2024-10-03,80.66,paid,credit_card
1343,213,153,2024-11-03,80.66,paid,bank_transfer
1344,213,153,2024-12-03,80.66,paid,credit_card
1345,213,153,2025-01-03,80.66,paid,credit_card
1346,213,153,2025-02-03,80.66,paid,credit_card
1347,213,153,2025-03-03,80.66,paid,bank_transfer
1348,213,153,2025-04-03,80.66,paid,paypal
1349,213,153,2025-05-03,80.66,paid,credit_card
1350,213,153,2025-06-03,80.66,paid,paypal
1351,213,153,2025-07-03,80.66,paid,bank_transfer
1352,213,153,2025-08-03,80.66,paid,credit_card
1353,213,153,2025-09-03,80.66,paid,credit_card
1354,213,153,2025-10-03,80.66,paid,credit_card
1355,213,153,2025-11-03,80.66,paid,credit_card
1356,214,154,2022-06-16,154.11,paid,paypal
1357,214,154,2022-07-16,154.11,paid,credit_card
1358,214,154,2022-08-16,154.11,paid,paypal
1359,214,154,2022-09-16,154.11,paid,credit_card
1360,214,154,2022-10-16,154.11,paid,credit_card
1361,214,154,2022-11-16,154.11,refunded,credit_card
1362,215,154,2022-12-27,3446.76,refunded,credit_card
1363,215,154,2023-12-27,3446.76,paid,credit_card
1364,215,154,2024-12-27,3446.76,paid,credit_card
1365,216,155,2024-09-05,994.8,paid,credit_card
1366,217,156,2024-05-29,3625.32,paid,paypal
1367,217,156,2025-05-29,3625.32,paid,paypal
1368,218,157,2024-07-21,141.89,paid,bank_transfer
1369,218,157,2024-08-21,141.89,paid,credit_card
1370,218,157,2024-09-21,141.89,paid,bank_transfer
1371,218,157,2024-10-21,141.89,paid,credit_card
1372,218,157,2024-11-21,141.89,paid,credit_card
1373,218,157,2024-12-21,141.89,paid,bank_transfer
1374,218,157,2025-01-21,141.89,paid,credit_card
1375,218,157,2025-02-21,141.89,paid,paypal
1376,218,157,2025-03-21,141.89,paid,credit_card
1377,218,157,2025-04-21,141.89,paid,credit_card
1378,218,157,2025-05-21,141.89,paid,paypal
1379,218,157,2025-06-21,141.89,paid,credit_card
1380,218,157,2025-07-21,141.89,paid,credit_card
1381,218,157,2025-08-21,141.89,paid,credit_card
1382,218,157,2025-09-21,141.89,paid,credit_card
1383,218,157,2025-10-21,141.89,overdue,credit_card
1384,219,158,2024-05-24,3566.16,paid,credit_card
1385,220,159,2025-07-05,140.69,paid,bank_transfer
1386,220,159,2025-08-05,140.69,paid,bank_transfer
1387,220,159,2025-09-05,140.69,paid,credit_card
1388,220,159,2025-10-05,140.69,paid,credit_card
1389,220,159,2025-11-05,140.69,paid,bank_transfer
1390,221,160,2025-05-27,77.7,paid,credit_card
1391,221,160,2025-06-27,77.7,pending,bank_transfer
1392,221,160,2025-07-27,77.7,paid,credit_card
1393,221,160,2025-08-27,77.7,paid,bank_transfer
1394,221,160,2025-09-27,77.7,paid,credit_card
1395,223,160,2025-11-07,83.16,paid,bank_transfer
1396,224,161,2025-07-06,82.68,paid,paypal
1397,224,161,2025-08-06,82.68,paid,paypal
1398,224,161,2025-09-06,82.68,paid,credit_card
1399,224,161,2025-10-06,82.68,paid,paypal
1400,225,161,2025-11-09,1674.96,paid,paypal
1401,226,162,2024-05-22,1947.24,paid,credit_card
1402,226,162,2025-05-22,1947.24,paid,credit_card
1403,227,163,2023-08-08,1692.0,paid,bank_transfer
1404,227,163,2024-08-08,1692.0,paid,credit_card
1405,227,163,2025-08-08,1692.0,paid,credit_card
1406,228,164,2024-03-01,1830.12,paid,bank_transfer
1407,228,164,2025-03-01,1830.12,paid,credit_card
1408,229,165,2025-10-01,3234.0,paid,credit_card
1409,230,166,2025-07-14,86.54,paid,credit_card
1410,230,166,2025-08-14,86.54,paid,credit_card
1411,230,166,2025-09-14,86.54,paid,credit_card
1412,230,166,2025-10-14,86.54,paid,credit_card
1413,230,166,2025-11-14,86.54,paid,credit_card
1414,231,167,2024-03-30,161.21,refunded,credit_card
1415,231,167,2024-04-30,161.21,paid,bank_transfer
1416,231,167,2024-05-30,161.21,paid,bank_transfer
1417,231,167,2024-06-30,161.21,paid,bank_transfer
1418,231,167,2024-07-30,161.21,paid,credit_card
1419,231,167,2024-08-30,161.21,paid,credit_card
1420,231,167,2024-09-30,161.21,paid,credit_card
1421,231,167,2024-10-30,161.21,paid,credit_card
1422,231,167,2024-11-30,161.21,paid,bank_transfer
1423,231,167,2024-12-30,161.21,paid,bank_transfer
1424,231,167,2025-01-30,161.21,paid,bank_transfer
1425,231,167,2025-02-28,161.21,paid,credit_card
1426,231,167,2025-03-28,161.21,paid,credit_card
1427,231,167,2025-04-28,161.21,paid,bank_transfer
1428,231,167,2025-05-28,161.21,paid,bank_transfer
1429,231,167,2025-06-28,161.21,paid,credit_card
1430,231,167,2025-07-28,161.21,paid,credit_card
1431,231,167,2025-08-28,161.21,paid,paypal
1432,231,167,2025-09-28,161.21,paid,bank_transfer
1433,231,167,2025-10-28,161.21,paid,paypal
1434,232,168,2024-01-01,349.8,pending,bank_transfer
1435,232,168,2025-01-01,349.8,paid,paypal
1436,233,169,2025-09-22,146.2,paid,bank_transfer
1437,233,169,2025-10-22,146.2,paid,bank_transfer
1438,234,170,2024-11-13,1842.96,paid,credit_card
1439,234,170,2025-11-13,1842.96,overdue,paypal
1440,235,171,2025-03-20,29.31,paid,credit_card
1441,235,171,2025-04-20,29.31,refunded,credit_card
1442,235,171,2025-05-20,29.31,paid,credit_card
1443,235,171,2025-06-20,29.31,paid,credit_card
1444,235,171,2025-07-20,29.31,paid,bank_transfer
1445,235,171,2025-08-20,29.31,paid,credit_card
1446,235,171,2025-09-20,29.31,paid,credit_card
1447,235,171,2025-10-20,29.31,paid,credit_card
1448,236,172,2024-05-09,3540.6,paid,credit_card
1449,236,172,2025-05-09,3540.6,paid,credit_card
1450,237,173,2023-11-02,29.16,paid,credit_card
1451,237,173,2023-12-02,29.16,paid,bank_transfer
1452,237,173,2024-01-02,29.16,paid,paypal
1453,237,173,2024-02-02,29.16,paid,paypal
1454,237,173,2024-03-02,29.16,paid,credit_card
1455,237,173,2024-04-02,29.16,paid,paypal
1456,238,173,2024-05-17,322.18,paid,bank_transfer
1457,238,173,2024-06-17,322.18,pending,bank_transfer
1458,238,173,2024-07-17,322.18,paid,credit_card
1459,238,173,2024-08-17,322.18,paid,credit_card
1460,238,173,2024-09-17,322.18,paid,credit_card
1461,238,173,2024-10-17,322.18,paid,credit_card
1462,238,173,2024-11-17,322.18,paid,bank_transfer
1463,238,173,2024-12-17,322.18,paid,paypal
1464,238,173,2025-01-17,322.18,paid,credit_card
1465,238,173,2025-02-17,322.18,paid,credit_card
1466,238,173,2025-03-17,322.18,paid,credit_card
1467,238,173,2025-04-17,322.18,overdue,credit_card
1468,238,173,2025-05-17,322.18,paid,credit_card
1469,238,173,2025-06-17,322.18,paid,bank_transfer
1470,238,173,2025-07-17,322.18,paid,credit_card
1471,238,173,2025-08-17,322.18,paid,bank_transfer
1472,238,173,2025-09-17,322.18,paid,bank_transfer
1473,238,173,2025-10-17,322.18,paid,bank_transfer
1474,239,174,2023-04-29,322.88,paid,credit_card
1475,239,174,2023-05-29,322.88,paid,bank_transfer
1476,239,174,2023-06-29,322.88,paid,credit_card
1477,239,174,2023-07-29,322.88,paid,credit_card
1478,239,174,2023-08-29,322.88,paid,credit_card
1479,239,174,2023-09-29,322.88,paid,credit_card
1480,239,174,2023-10-29,322.88,refunded,credit_card
1481,239,174,2023-11-29,322.88,paid,bank_transfer
1482,239,174,2023-12-29,322.88,paid,credit_card
1483,239,174,2024-01-29,322.88,paid,credit_card
1484,239,174,2024-02-29,322.88,paid,credit_card
1485,239,174,2024-03-29,322.88,paid,bank_transfer
1486,239,174,2024-04-29,322.88,paid,bank_transfer
1487,239,174,2024-05-29,322.88,paid,credit_card
1488,239,174,2024-06-29,322.88,paid,credit_card
1489,239,174,2024-07-29,322.88,paid,credit_card
1490,239,174,2024-08-29,322.88,paid,credit_card
1491,239,174,2024-09-29,322.88,paid,bank_transfer
1492,239,174,2024-10-29,322.88,paid,paypal
1493,239,174,2024-11-29,322.88,paid,bank_transfer
1494,239,174,2024-12-29,322.88,paid,credit_card
1495,239,174,2025-01-29,322.88,paid,credit_card
1496,239,174,2025-02-28,322.88,paid,credit_card
1497,239,174,2025-03-28,322.88,paid,paypal
1498,239,174,2025-04-28,322.88,overdue,credit_card
1499,239,174,2025-05-28,322.88,paid,bank_transfer
1500,239,174,2025-06-28,322.88,paid,credit_card
1501,239,174,2025-07-28,322.88,paid,bank_transfer
1502,239,174,2025-08-28,322.88,paid,credit_card
1503,239,174,2025-09-28,322.88,paid,bank_transfer
1504,239,174,2025-10-28,322.88,paid,credit_card
1505,240,175,2024-07-09,31.68,paid,credit_card
1506,240,175,2024-08-09,31.68,paid,credit_card
1507,240,175,2024-09-09,31.68,paid,paypal
1508,240,175,2024-10-09,31.68,pending,credit_card
1509,240,175,2024-11-09,31.68,paid,credit_card
1510,240,175,2024-12-09,31.68,paid,credit_card
1511,240,175,2025-01-09,31.68,paid,credit_card
1512,240,175,2025-02-09,31.68,paid,credit_card
1513,240,175,2025-03-09,31.68,paid,credit_card
1514,240,175,2025-04-09,31.68,overdue,credit_card
1515,240,175,2025-05-09,31.68,paid,credit_card
1516,240,175,2025-06-09,31.68,paid,bank_transfer
1517,240,175,2025-07-09,31.68,paid,credit_card
1518,240,175,2025-08-09,31.68,paid,bank_transfer
1519,240,175,2025-09-09,31.68,paid,credit_card
1520,242,175,2025-11-04,30.94,paid,bank_transfer
1521,243,176,2023-09-09,3329.64,paid,bank_transfer
1522,243,176,2024-09-09,3329.64,paid,credit_card
1523,243,176,2025-09-09,3329.64,paid,paypal
1524,244,177,2022-10-21,3267.72,paid,credit_card
1525,244,177,2023-10-21,3267.72,paid,credit_card
1526,244,177,2024-10-21,3267.72,paid,credit_card
1527,244,177,2025-10-21,3267.72,paid,credit_card
1528,245,178,2025-01-25,86.19,paid,credit_card
1529,245,178,2025-02-25,86.19,paid,bank_transfer
1530,245,178,2025-03-25,86.19,paid,credit_card
1531,245,178,2025-04-25,86.19,paid,credit_card
1532,245,178,2025-05-25,86.19,paid,credit_card
1533,245,178,2025-06-25,86.19,overdue,credit_card
1534,245,178,2025-07-25,86.19,paid,credit_card
1535,245,178,2025-08-25,86.19,paid,bank_transfer
1536,245,178,2025-09-25,86.19,paid,credit_card
1537,245,178,2025-10-25,86.19,paid,credit_card
1538,246,179,2023-01-01,31.86,paid,bank_transfer
1539,246,179,2023-02-01,31.86,paid,credit_card
1540,246,179,2023-03-01,31.86,refunded,bank_transfer
1541,246,179,2023-04-01,31.86,paid,bank_transfer
1542,246,179,2023-05-01,31.86,paid,credit_card
1543,246,179,2023-06-01,31.86,paid,credit_card
1544,246,179,2023-07-01,31.86,paid,credit_card
1545,246,179,2023-08-01,31.86,refunded,credit_card
1546,246,179,2023-09-01,31.86,paid,credit_card
1547,246,179,2023-10-01,31.86,paid,paypal
1548,246,179,2023-11-01,31.86,paid,credit_card
1549,246,179,2023-12-01,31.86,paid,credit_card
1550,246,179,2024-01-01,31.86,paid,credit_card
1551,246,179,2024-02-01,31.86,paid,credit_card
1552,246,179,2024-03-01,31.86,paid,credit_card
1553,246,179,2024-04-01,31.86,paid,credit_card
1554,246,179,2024-05-01,31.86,paid,bank_transfer
1555,246,179,2024-06-01,31.86,paid,credit_card
1556,246,179,2024-07-01,31.86,paid,credit_card
1557,246,179,2024-08-01,31.86,paid,credit_card
1558,246,179,2024-09-01,31.86,paid,credit_card
1559,246,179,2024-10-01,31.86,paid,credit_card
1560,246,179,2024-11-01,31.86,paid,bank_transfer
1561,246,179,2024-12-01,31.86,paid,credit_card
1562,246,179,2025-01-01,31.86,paid,bank_transfer
1563,246,179,2025-02-01,31.86,paid,credit_card
1564,246,179,2025-03-01,31.86,paid,bank_transfer
1565,246,179,2025-04-01,31.86,paid,credit_card
1566,246,179,2025-05-01,31.86,paid,paypal
1567,246,179,2025-06-01,31.86,paid,credit_card
1568,246,179,2025-07-01,31.86,paid,paypal
1569,246,179,2025-08-01,31.86,paid,credit_card
1570,246,179,2025-09-01,31.86,paid,credit_card
1571,246,179,2025-10-01,31.86,paid,bank_transfer
1572,246,179,2025-11-01,31.86,paid,credit_card
1573,247,180,2022-05-22,360.48,paid,paypal
1574,248,180,2022-09-27,1894.56,paid,credit_card
1575,249,180,2023-01-16,362.76,paid,credit_card
1576,249,180,2024-01-16,362.76,paid,credit_card
1577,249,180,2025-01-16,362.76,paid,credit_card
1578,250,181,2025-08-15,71.18,paid,credit_card
1579,250,181,2025-09-15,71.18,paid,paypal
1580,250,181,2025-10-15,71.18,paid,credit_card
1581,250,181,2025-11-15,71.18,pending,bank_transfer
1582,251,182,2024-11-02,27.19,paid,paypal
1583,251,182,2024-12-02,27.19,paid,paypal
1584,251,182,2025-01-02,27.19,paid,credit_card
1585,251,182,2025-02-02,27.19,paid,bank_transfer
1586,251,182,2025-03-02,27.19,paid,credit_card
1587,251,182,2025-04-02,27.19,paid,credit_card
1588,251,182,2025-05-02,27.19,overdue,paypal
1589,251,182,2025-06-02,27.19,paid,bank_transfer
1590,251,182,2025-07-02,27.19,paid,credit_card
1591,251,182,2025-08-02,27.19,paid,credit_card
1592,251,182,2025-09-02,27.19,paid,paypal
1593,251,182,2025-10-02,27.19,paid,credit_card
1594,251,182,2025-11-02,27.19,paid,credit_card
1595,252,183,2024-11-24,28.15,paid,paypal
1596,252,183,2024-12-24,28.15,paid,credit_card
1597,252,183,2025-01-24,28.15,paid,bank_transfer
1598,252,183,2025-02-24,28.15,paid,bank_transfer
1599,252,183,2025-03-24,28.15,paid,credit_card
1600,252,183,2025-04-24,28.15,paid,credit_card
1601,252,183,2025-05-24,28.15,paid,credit_card
1602,252,183,2025-06-24,28.15,paid,bank_transfer
1603,252,183,2025-07-24,28.15,paid,credit_card
1604,252,183,2025-08-24,28.15,paid,credit_card
1605,252,183,2025-09-24,28.15,paid,paypal
1606,252,183,2025-10-24,28.15,paid,credit_card
1607,253,184,2022-07-01,27.79,paid,credit_card
1608,253,184,2022-08-01,27.79,paid,bank_transfer
1609,253,184,2022-09-01,27.79,paid,credit_card
1610,253,184,2022-10-01,27.79,paid,credit_card
1611,253,184,2022-11-01,27.79,paid,credit_card
1612,253,184,2022-12-01,27.79,paid,bank_transfer
1613,253,184,2023-01-01,27.79,paid,credit_card
1614,253,184,2023-02-01,27.79,paid,credit_card
1615,253,184,2023-03-01,27.79,paid,paypal
1616,253,184,2023-04-01,27.79,paid,credit_card
1617,253,184,2023-05-01,27.79,paid,bank_transfer
1618,253,184,2023-06-01,27.79,paid,credit_card
1619,253,184,2023-07-01,27.79,paid,credit_card
1620,253,184,2023-08-01,27.79,paid,credit_card
1621,253,184,2023-09-01,27.79,paid,credit_card
1622,253,184,2023-10-01,27.79,paid,credit_card
1623,253,184,2023-11-01,27.79,paid,bank_transfer
1624,253,184,2023-12-01,27.79,paid,bank_transfer
1625,253,184,2024-01-01,27.79,paid,credit_card
1626,253,184,2024-02-01,27.79,paid,credit_card
1627,253,184,2024-03-01,27.79,refunded,paypal
1628,253,184,2024-04-01,27.79,paid,paypal
1629,253,184,2024-05-01,27.79,refunded,credit_card
1630,253,184,2024-06-01,27.79,paid,bank_transfer
1631,253,184,2024-07-01,27.79,paid,credit_card
1632,253,184,2024-08-01,27.79,paid,credit_card
1633,253,184,2024-09-01,27.79,paid,paypal
1634,253,184,2024-10-01,27.79,paid,credit_card
1635,253,184,2024-11-01,27.79,pending,credit_card
1636,253,184,2024-12-01,27.79,paid,credit_card
1637,253,184,2025-01-01,27.79,paid,bank_transfer
1638,253,184,2025-02-01,27.79,paid,credit_card
1639,253,184,2025-03-01,27.79,paid,credit_card
1640,253,184,2025-04-01,27.79,paid,credit_card
1641,253,184,2025-05-01,27.79,paid,credit_card
1642,253,184,2025-06-01,27.79,paid,credit_card
1643,253,184,2025-07-01,27.79,paid,credit_card
1644,253,184,2025-08-01,27.79,paid,bank_transfer
1645,253,184,2025-09-01,27.79,paid,credit_card
1646,253,184,2025-10-01,27.79,paid,credit_card
1647,253,184,2025-11-01,27.79,paid,credit_card
1648,254,185,2025-03-20,163.25,paid,paypal
1649,254,185,2025-04-20,163.25,paid,credit_card
1650,254,185,2025-05-20,163.25,paid,credit_card
1651,254,185,2025-06-20,163.25,paid,bank_transfer
1652,254,185,2025-07-20,163.25,paid,credit_card
1653,255,185,2025-09-04,26.91,paid,credit_card
1654,255,185,2025-10-04,26.91,paid,credit_card
1655,256,185,2025-10-21,28.62,paid,credit_card
1656,257,186,2024-08-14,1697.4,paid,credit_card
1657,257,186,2025-08-14,1697.4,paid,credit_card
1658,258,187,2025-10-03,910.92,paid,bank_transfer
1659,259,188,2025-09-29,3465.72,paid,credit_card
1660,260,189,2025-10-03,277.24,paid,bank_transfer
1661,261,189,2025-10-23,73.91,refunded,paypal
1662,262,190,2023-09-22,1036.68,paid,credit_card
1663,263,190,2024-05-18,30.66,paid,credit_card
1664,263,190,2024-06-18,30.66,paid,paypal
1665,263,190,2024-07-18,30.66,paid,credit_card
1666,263,190,2024-08-18,30.66,paid,credit_card
1667,263,190,2024-09-18,30.66,paid,paypal
1668,264,191,2024-10-10,156.98,paid,credit_card
1669,264,191,2024-11-10,156.98,paid,paypal
1670,264,191,2024-12-10,156.98,overdue,paypal
1671,264,191,2025-01-10,156.98,paid,credit_card
1672,264,191,2025-02-10,156.98,paid,paypal
1673,264,191,2025-03-10,156.98,paid,credit_card
1674,264,191,2025-04-10,156.98,paid,credit_card
1675,264,191,2025-05-10,156.98,paid,bank_transfer
1676,264,191,2025-06-10,156.98,paid,credit_card
1677,264,191,2025-07-10,156.98,paid,bank_transfer
1678,264,191,2025-08-10,156.98,paid,credit_card
1679,264,191,2025-09-10,156.98,paid,credit_card
1680,264,191,2025-10-10,156.98,paid,paypal
1681,266,191,2025-11-08,1912.32,paid,bank_transfer
1682,267,192,2024-06-10,141.63,paid,credit_card
1683,267,192,2024-07-10,141.63,paid,credit_card
1684,267,192,2024-08-10,141.63,refunded,credit_card
1685,267,192,2024-09-10,141.63,paid,bank_transfer
1686,267,192,2024-10-10,141.63,paid,paypal
1687,267,192,2024-11-10,141.63,paid,bank_transfer
1688,267,192,2024-12-10,141.63,paid,bank_transfer
1689,267,192,2025-01-10,141.63,paid,bank_transfer
1690,267,192,2025-02-10,141.63,paid,credit_card
1691,267,192,2025-03-10,141.63,paid,bank_transfer
1692,267,192,2025-04-10,141.63,paid,credit_card
1693,267,192,2025-05-10,141.63,paid,bank_transfer
1694,267,192,2025-06-10,141.63,paid,credit_card
1695,267,192,2025-07-10,141.63,pending,credit_card
1696,267,192,2025-08-10,141.63,paid,credit_card
1697,267,192,2025-09-10,141.63,paid,credit_card
1698,267,192,2025-10-10,141.63,paid,credit_card
1699,267,192,2025-11-10,141.63,paid,bank_transfer
1700,268,193,2024-12-14,80.55,paid,credit_card
1701,268,193,2025-01-14,80.55,paid,credit_card
1702,268,193,2025-02-14,80.55,paid,credit_card
1703,268,193,2025-03-14,80.55,paid,bank_transfer
1704,268,193,2025-04-14,80.55,paid,paypal
1705,268,193,2025-05-14,80.55,paid,bank_transfer
1706,268,193,2025-06-14,80.55,paid,credit_card
1707,268,193,2025-07-14,80.55,paid,credit_card
1708,268,193,2025-08-14,80.55,paid,credit_card
1709,268,193,2025-09-14,80.55,paid,credit_card
1710,268,193,2025-10-14,80.55,paid,bank_transfer
1711,268,193,2025-11-14,80.55,paid,credit_card
1712,269,194,2023-01-21,146.57,paid,paypal
1713,269,194,2023-02-21,146.57,paid,credit_card
1714,269,194,2023-03-21,146.57,paid,bank_transfer
1715,269,194,2023-04-21,146.57,refunded,paypal
1716,269,194,2023-05-21,146.57,paid,paypal
1717,269,194,2023-06-21,146.57,paid,credit_card
1718,269,194,2023-07-21,146.57,paid,paypal
1719,269,194,2023-08-21,146.57,paid,credit_card
1720,269,194,2023-09-21,146.57,paid,credit_card
1721,270,194,2023-10-15,3614.52,paid,credit_card
1722,271,194,2024-01-30,308.42,overdue,credit_card
1723,271,194,2024-02-28,308.42,paid,bank_transfer
1724,271,194,2024-03-28,308.42,pending,credit_card
1725,271,194,2024-04-28,308.42,paid,bank_transfer
1726,271,194,2024-05-28,308.42,paid,credit_card
1727,271,194,2024-06-28,308.42,paid,bank_transfer
1728,271,194,2024-07-28,308.42,paid,credit_card
1729,271,194,2024-08-28,308.42,paid,credit_card
1730,271,194,2024-09-28,308.42,paid,bank_transfer
1731,271,194,2024-10-28,308.42,paid,bank_transfer
1732,271,194,2024-11-28,308.42,paid,credit_card
1733,271,194,2024-12-28,308.42,paid,credit_card
1734,271,194,2025-01-28,308.42,paid,credit_card
1735,271,194,2025-02-28,308.42,paid,credit_card
1736,271,194,2025-03-28,308.42,paid,credit_card
1737,271,194,2025-04-28,308.42,paid,credit_card
1738,271,194,2025-05-28,308.42,paid,paypal
1739,271,194,2025-06-28,308.42,paid,credit_card
1740,271,194,2025-07-28,308.42,paid,credit_card
1741,271,194,2025-08-28,308.42,paid,bank_transfer
1742,271,194,2025-09-28,308.42,paid,bank_transfer
1743,271,194,2025-10-28,308.42,paid,credit_card
1744,272,195,2022-12-12,309.61,refunded,credit_card
1745,272,195,2023-01-12,309.61,paid,credit_card
1746,272,195,2023-02-12,309.61,paid,bank_transfer
1747,272,195,2023-03-12,309.61,paid,paypal
1748,272,195,2023-04-12,309.61,paid,credit_card
1749,272,195,2023-05-12,309.61,refunded,credit_card
1750,272,195,2023-06-12,309.61,paid,credit_card
1751,272,195,2023-07-12,309.61,pending,bank_transfer
1752,272,195,2023-08-12,309.61,overdue,paypal
1753,272,195,2023-09-12,309.61,paid,paypal
1754,272,195,2023-10-12,309.61,paid,credit_card
1755,272,195,2023-11-12,309.61,paid,credit_card
1756,272,195,2023-12-12,309.61,paid,paypal
1757,272,195,2024-01-12,309.61,paid,paypal
1758,272,195,2024-02-12,309.61,paid,bank_transfer
1759,272,195,2024-03-12,309.61,paid,paypal
1760,272,195,2024-04-12,309.61,paid,credit_card
1761,272,195,2024-05-12,309.61,paid,credit_card
1762,272,195,2024-06-12,309.61,paid,credit_card
1763,272,195,2024-07-12,309.61,paid,bank_transfer
1764,272,195,2024-08-12,309.61,paid,credit_card
1765,272,195,2024-09-12,309.61,paid,bank_transfer
1766,272,195,2024-10-12,309.61,paid,credit_card
1767,272,195,2024-11-12,309.61,paid,bank_transfer
1768,272,195,2024-12-12,309.61,paid,credit_card
1769,272,195,2025-01-12,309.61,paid,bank_transfer
1770,272,195,2025-02-12,309.61,overdue,paypal
1771,272,195,2025-03-12,309.61,paid,credit_card
1772,272,195,2025-04-12,309.61,paid,credit_card
1773,272,195,2025-05-12,309.61,paid,bank_transfer
1774,272,195,2025-06-12,309.61,paid,bank_transfer
1775,272,195,2025-07-12,309.61,paid,credit_card
1776,272,195,2025-08-12,309.61,paid,credit_card
1777,272,195,2025-09-12,309.61,paid,credit_card
1778,272,195,2025-10-12,309.61,paid,credit_card
1779,272,195,2025-11-12,309.61,pending,bank_transfer
1780,273,196,2024-10-13,134.41,paid,credit_card
1781,273,196,2024-11-13,134.41,paid,bank_transfer
1782,273,196,2024-12-13,134.41,paid,bank_transfer
1783,273,196,2025-01-13,134.41,paid,bank_transfer
1784,273,196,2025-02-13,134.41,paid,credit_card
1785,273,196,2025-03-13,134.41,paid,paypal
1786,273,196,2025-04-13,134.41,paid,credit_card
1787,273,196,2025-05-13,134.41,pending,credit_card
1788,273,196,2025-06-13,134.41,paid,credit_card
1789,273,196,2025-07-13,134.41,paid,credit_card
1790,273,196,2025-08-13,134.41,paid,credit_card
1791,274,196,2025-09-23,151.4,paid,paypal
1792,275,196,2025-10-28,157.12,paid,bank_transfer
1793,276,197,2024-11-11,26.71,paid,credit_card
1794,276,197,2024-12-11,26.71,paid,credit_card
1795,276,197,2025-01-11,26.71,paid,credit_card
1796,277,198,2024-05-08,76.03,paid,credit_card
1797,277,198,2024-06-08,76.03,paid,credit_card
1798,277,198,2024-07-08,76.03,paid,bank_transfer
1799,277,198,2024-08-08,76.03,paid,credit_card
1800,277,198,2024-09-08,76.03,paid,credit_card
1801,277,198,2024-10-08,76.03,paid,paypal
1802,278,198,2024-11-06,148.29,paid,credit_card
1803,278,198,2024-12-06,148.29,paid,credit_card
1804,278,198,2025-01-06,148.29,refunded,credit_card
1805,278,198,2025-02-06,148.29,paid,credit_card
1806,278,198,2025-03-06,148.29,paid,credit_card
1807,278,198,2025-04-06,148.29,paid,paypal
1808,278,198,2025-05-06,148.29,paid,credit_card
1809,278,198,2025-06-06,148.29,paid,credit_card
1810,278,198,2025-07-06,148.29,paid,credit_card
1811,278,198,2025-08-06,148.29,paid,credit_card
1812,278,198,2025-09-06,148.29,paid,credit_card
1813,278,198,2025-10-06,148.29,paid,credit_card
1814,279,198,2025-10-31,1716.6,paid,paypal
1815,280,199,2024-08-29,81.8,paid,credit_card
1816,280,199,2024-09-29,81.8,paid,credit_card
1817,280,199,2024-10-29,81.8,paid,bank_transfer
1818,280,199,2024-11-29,81.8,paid,credit_card
1819,280,199,2024-12-29,81.8,paid,credit_card
1820,280,199,2025-01-29,81.8,paid,bank_transfer
1821,280,199,2025-02-28,81.8,paid,credit_card
1822,280,199,2025-03-28,81.8,paid,credit_card
1823,280,199,2025-04-28,81.8,paid,credit_card
1824,280,199,2025-05-28,81.8,paid,credit_card
1825,280,199,2025-06-28,81.8,paid,bank_transfer
1826,280,199,2025-07-28,81.8,paid,paypal
1827,280,199,2025-08-28,81.8,paid,credit_card
1828,280,199,2025-09-28,81.8,paid,bank_transfer
1829,281,199,2025-10-24,79.82,pending,credit_card
1830,282,200,2025-10-04,306.76,paid,paypal
1831,282,200,2025-11-04,306.76,pending,bank_transfer
